Year,Period,Branch,Customer,Warranty,Internal,Sublet,Total Service
2019,1,113,101958.5,32617.5,63160,8262.65,205998.65
2019,1,114,133448.69,9021.5,103680.35,15751.03,261901.57
2019,1,117,29167,14049.5,23701.25,75.52,66993.27
2019,1,160,62321.75,20606.5,35580,330.77,118839.02
2019,1,190,0,0,0,0,0
2019,1,215,83369.88,33991.25,62312.25,2682.76,182356.14
2019,1,216,61995,17592.75,26509,997.08,107093.83
2019,1,218,56444,20984,37813,1780.18,117021.18
2019,1,364,30425,7371,4846.5,0,42642.5
2019,1,365,86206.25,30743.75,98606,9800.02,225356.02
2019,1,366,0,0,0,0,0
2019,1,367,164573.85,42254.5,79355.5,6343.81,292527.66
2019,1,401,14358.75,1535,9144.25,144,25182
2019,1,403,11323.5,6146.75,6013.75,0,23484
2019,1,404,11152,3893,13028,964.93,29037.93
2019,1,520,48252.37,4242,15321.75,3955.15,71771.27
2019,1,536,12611.5,2336,13583.5,11086.58,39617.58
2019,2,113,97794.06,49617.75,59212.25,13523.67,220147.73
2019,2,114,105730.75,18786.5,94894.18,8333.2,227744.63
2019,2,117,30118.75,15414.16,21909.75,4310.02,71752.68
2019,2,160,83246.43,27107,31169.5,3608.98,145131.91
2019,2,190,0,0,0,0,0
2019,2,215,81238.25,24584,55556.5,4723.51,166102.26
2019,2,216,37967.25,19162.5,47173.5,5304.26,109607.51
2019,2,218,31926.25,12901,41173.25,227.79,86228.29
2019,2,364,23711.75,12261,12380.38,0,48353.13
2019,2,365,53742.5,48640.25,80762,7269.72,190414.47
2019,2,366,0,0,0,0,0
2019,2,367,168852.75,38020.5,74860.5,7792.52,289526.27
2019,2,401,4211.5,0,3144.5,0,7356
2019,2,403,3832.75,3077.5,2217,0,9127.25
2019,2,404,8089.25,3504.5,4983,0,16576.75
2019,2,520,35095,15186,18058,1105.84,69444.84
2019,2,536,30903.75,1478,9971.5,9634.88,51988.13
2019,3,113,125903.54,44886,62908.25,13522.45,247220.24
2019,3,114,100735.42,29847.5,87040.87,713.19,218336.98
2019,3,117,37461.21,8831.84,32407.5,10834.47,89535.02
2019,3,160,71645.56,37440.25,63696.75,84.87,172867.43
2019,3,190,0,0,0,0,0
2019,3,215,76813,29474.75,67218,10415.98,183921.73
2019,3,216,49811.75,50614.75,48508.25,3412.14,152346.89
2019,3,218,49900.21,16560,74423.5,7588.92,148472.63
2019,3,364,44727,29892.5,14823,720,90162.5
2019,3,365,51301,21429.75,86130.25,3813.74,162674.74
2019,3,366,0,0,0,0,0
2019,3,367,152673.36,47605.5,83216,17377.83,300872.69
2019,3,401,8901.25,3356.75,2260.25,0,14518.25
2019,3,403,3198.75,5786.5,7081.25,0,16066.5
2019,3,404,13772.25,5175.25,8384.25,250,27581.75
2019,3,520,56232.5,3424,13874.5,189.1,73720.1
2019,3,536,14898.75,2368,8272,-300,25238.75
2019,4,113,105546.67,24220.5,54130.5,8990.55,192888.22
2019,4,114,151677.65,19936,98935.13,3974.79,274523.57
2019,4,117,42467.75,20576,38243.5,1416.27,102703.52
2019,4,160,72023.95,26948,55076.5,0,154048.45
2019,4,190,0,0,0,0,0
2019,4,215,97811.01,27121.5,90306.5,6885.81,222124.82
2019,4,216,43496,39487.75,80236.75,3066.92,166287.42
2019,4,218,43766.25,8192,44045,1059.98,97063.23
2019,4,364,27561.75,16928.75,21066.25,861.23,66417.98
2019,4,365,54416.75,37077.75,93455.25,1650.89,186600.64
2019,4,366,0,0,0,0,0
2019,4,367,153985.86,35949.25,82898.5,10927.78,283761.39
2019,4,401,2986.25,0,4444,0,7430.25
2019,4,403,5555,1105,1332.5,0,7992.5
2019,4,404,25729.75,3830.5,20080,0,49640.25
2019,4,520,44163,6208,26835.5,554.92,77761.42
2019,4,536,51713.25,3383.5,10756,2321.18,68173.93
2019,5,113,117880.75,53301,66040,12613.01,249834.76
2019,5,114,153552.72,11102.5,114026.29,2555.42,281236.93
2019,5,117,29489,19732,21079.25,6222.69,76522.94
2019,5,160,72495.75,18927.5,49694,2651.57,143768.82
2019,5,190,0,0,0,0,0
2019,5,215,75536.3,24253,108736.25,3904.43,212429.98
2019,5,216,67952.71,32659.75,49440,15128.11,165180.57
2019,5,218,36934.5,18775,54978,1809.07,112496.57
2019,5,364,38141,19443.5,24430,2098.04,84112.54
2019,5,365,61200.25,38378,70473,1793.34,171844.59
2019,5,366,0,0,0,0,0
2019,5,367,157194.69,33090.25,89642,9573.36,289500.3
2019,5,401,16806.25,3149.5,14274.75,0,34230.5
2019,5,403,8214,774.25,3300.75,0,12289
2019,5,404,11931.75,896.5,8061.75,0,20890
2019,5,520,55420,3456,21530.25,1638.78,82045.03
2019,5,536,35633.5,4639,9761.5,729.32,50763.32
2019,6,113,100054.7,18197,62608.75,15310.46,196170.91
2019,6,114,100866.75,24804.15,93980.97,436.49,220088.36
2019,6,117,33533.25,16218,27485,2278.09,79514.34
2019,6,160,78877.75,14144,38879.5,2473.4,134374.65
2019,6,190,0,0,0,0,0
2019,6,215,55300.75,33868.25,92379,1695.78,183243.78
2019,6,216,49737.25,38944.5,53045.75,8418.93,150146.43
2019,6,218,52057.5,15850.5,41065,6643.17,115616.17
2019,6,364,40970.75,18231.5,22205,680.93,82088.18
2019,6,365,87833.25,43064.5,96741.75,6539.15,234178.65
2019,6,366,0,0,0,0,0
2019,6,367,186590.23,20693,99071.5,8555.6,314910.33
2019,6,401,5136.5,0,8641.25,30,13807.75
2019,6,403,15414.25,7294.25,7368.5,11872.16,41949.16
2019,6,404,23004,-163,11830.75,0,34671.75
2019,6,520,34951.75,3520,21775,667.36,60914.11
2019,6,536,32233.89,3104,12799,4029.59,52166.48
2019,7,113,138373.5,33959.55,54932.25,12455.41,239720.71
2019,7,114,118325.98,12983,114836.64,8912.73,255058.35
2019,7,117,24468.5,10385,31945.75,9434.18,76233.43
2019,7,160,79979.5,8572,41721.25,0,130272.75
2019,7,190,0,0,0,0,0
2019,7,215,133583.1,47780.5,83758.5,8860.81,273982.91
2019,7,216,59572.25,31841.75,58654.25,10049.96,160118.21
2019,7,218,41218.75,11072,44675.5,3280.49,100246.74
2019,7,364,37214.25,22909.75,15673.5,200,75997.5
2019,7,365,89685.75,56548.75,82084,10960.43,239278.93
2019,7,366,0,0,0,0,0
2019,7,367,126085.5,28187,63525.5,9182.91,226980.91
2019,7,401,815,0,10432,0,11247
2019,7,403,7293,0,2037.5,3720.14,13050.64
2019,7,404,23558.75,0,19477.75,263.09,43299.59
2019,7,520,40853.75,16433,19393.25,-69.65,76610.35
2019,7,536,26219.5,8700,8551.5,4175,47646
2019,8,113,137702.5,31887.75,75723.25,19290.52,264604.02
2019,8,114,165966.37,21770.75,125434.22,7063.51,320234.85
2019,8,117,23116.5,17035.25,26461.25,5678.96,72291.96
2019,8,160,51726.25,32000,43731.75,3500,130958
2019,8,190,0,0,0,0,0
2019,8,215,72211.7,29804.5,64003.25,2011.05,168030.5
2019,8,216,54948.75,28160.75,45458.25,2007.46,130575.21
2019,8,218,19664.5,9760,26386.5,150,55961
2019,8,364,18105.68,20360,17727.75,800,56993.43
2019,8,365,72285.5,46463,89898.25,1781.11,210427.86
2019,8,366,0,0,0,0,0
2019,8,367,91583.53,32695.5,80439,7915.76,212633.79
2019,8,401,13852,14602,44837.25,0,73291.25
2019,8,403,13450,5833.75,5313.5,200,24797.25
2019,8,404,25386.5,3015.5,11426.5,0,39828.5
2019,8,520,56569,512,14513.5,220.78,71815.28
2019,8,536,16445.5,2112,11398,1700.42,31655.92
2019,9,113,120646.01,57492.75,64679.75,14418.94,257237.45
2019,9,114,114925,28976.5,115811.47,4334.52,264047.49
2019,9,117,25563,11169.75,22206.75,18031.52,76971.02
2019,9,160,82038,13376,47033.5,4266.66,146714.16
2019,9,190,0,0,0,0,0
2019,9,215,98914.5,22677.5,38776,1184.88,161552.88
2019,9,216,69174.5,42442.75,36889.5,9305.97,157812.72
2019,9,218,45940.75,21656.75,40559,887.8,109044.3
2019,9,364,29202.75,21061.25,20520.75,619.26,71404.01
2019,9,365,42695.25,60836.25,69461.75,375.54,173368.79
2019,9,366,0,0,0,0,0
2019,9,367,107488.15,43753,53403.25,6133.02,210777.42
2019,9,401,23249.5,2081.5,6712.5,343.75,32387.25
2019,9,403,10258,187.5,4803.5,0,15249
2019,9,404,30874.75,0,4576.5,427.5,35878.75
2019,9,520,37489.5,3680,15737,490.34,57396.84
2019,9,536,43295.75,7306.5,6761,717.38,58080.63
2019,10,113,157226.39,37281.25,66003.25,21528.03,282038.92
2019,10,114,123182.52,24138,129227.15,3794.03,280341.7
2019,10,117,30423.5,19881.26,29413.5,839.13,80557.39
2019,10,160,67309.75,36640,50950.5,0,154900.25
2019,10,190,0,0,0,0,0
2019,10,215,75904.15,16866.5,83547.5,1063.95,177382.1
2019,10,216,66205.75,25259.25,32268,4785.44,128518.44
2019,10,218,59034.75,18264.5,41090,1832.57,120221.82
2019,10,364,41328,17478.75,31639.75,924.91,91371.41
2019,10,365,75536.5,48965.5,83419.5,9408.93,217330.43
2019,10,366,0,0,0,0,0
2019,10,367,160230.52,47698.25,79336.25,20378.44,307643.46
2019,10,401,4813,695.5,19092.75,396.5,24997.75
2019,10,403,16142,2730.25,10489,0,29361.25
2019,10,404,5013.3,3626.75,22792.25,0,31432.3
2019,10,520,41381.5,4303.96,27815.75,1474.08,74975.29
2019,10,536,29449.43,6607,8377,3298.52,47731.95
2019,11,113,97634.63,35280.5,61519.75,15428.16,209863.04
2019,11,114,91155.5,15503,110024.85,6534.35,223217.7
2019,11,117,22838.25,15164,32048.25,849.23,70899.73
2019,11,160,50962.25,13208.5,78869,4950,147989.75
2019,11,190,0,0,0,0,0
2019,11,215,76734.49,15874,56016,1216.24,149840.73
2019,11,216,67763.12,11487.5,28120.75,3924.06,111295.43
2019,11,218,30481.25,9225,41435.75,1498.9,82640.9
2019,11,364,56879.5,14961.5,13396,13759.51,98996.51
2019,11,365,77227,37605.5,35822,5120,155774.5
2019,11,366,0,0,0,0,0
2019,11,367,157904.23,27199.5,59009,19643.68,263756.41
2019,11,401,11122,4141.75,15133.25,0,30397
2019,11,403,9736.25,0,12594.75,2160,24491
2019,11,404,38338.75,0,9401.25,3968.75,51708.75
2019,11,520,24306.5,5684.5,16957.5,0,46948.5
2019,11,536,22969.25,8550.5,16596.5,1153.5,49269.75
2019,12,113,116173.5,38346.25,53904.25,5717.4,214141.4
2019,12,114,130481.7,18355.75,104831.83,15029.21,268698.49
2019,12,117,35249.25,18597.75,35350.69,30973.86,120171.55
2019,12,160,45655.5,19070.25,90401.5,4270,159397.25
2019,12,190,0,0,0,0,0
2019,12,215,108926.5,21483.25,77050,4463.88,211923.63
2019,12,216,41968.5,37728,20644.5,5753.43,106094.43
2019,12,218,48407.5,8810,30174,5885.9,93277.4
2019,12,364,37924,12476.75,9978.5,495,60874.25
2019,12,365,70380,52219.75,85294.75,4012.14,211906.64
2019,12,366,0,0,0,0,0
2019,12,367,111750.75,22514,76544.5,29840.08,240649.33
2019,12,401,11957.5,3219.25,11941,0,27117.75
2019,12,403,7753.75,4415,16757.25,0,28926
2019,12,404,9222.32,5384.75,15051.5,0,29658.57
2019,12,520,66468,960,24073.5,10378.93,101880.43
2019,12,536,37186.82,8608,13950.5,4386.77,64132.09
2020,1,113,130138.5,27328.75,45181.25,9127.66,211776.16
2020,1,114,128934.43,19143,102406,13286.31,263769.74
2020,1,117,35968.5,14837,23488.25,8952.29,83246.04
2020,1,160,93388.25,16226,60351.5,2733.73,172699.48
2020,1,190,0,0,0,0,0
2020,1,215,63310.25,19611.5,32633.5,1502.45,117057.7
2020,1,216,43626,9673.75,49470,1489.92,104259.67
2020,1,218,44463.25,13013.75,29882.5,6751,94110.5
2020,1,364,38466.25,13409,18186.75,68.4,70130.4
2020,1,365,59757.5,42294,90807.25,7357.53,200216.28
2020,1,366,0,0,0,0,0
2020,1,367,144795.33,22293.25,67420.25,22939.8,257448.63
2020,1,401,8941.42,570.5,18983.75,0,28495.67
2020,1,403,26148.75,5416.25,1606.25,150,33321.25
2020,1,404,16210,815,8379.75,480,25884.75
2020,1,520,36144.97,4489.5,21841.5,0,62475.97
2020,1,536,27810,4381.5,10497,166.26,42854.76
2020,2,113,114640.5,39872.12,67694.27,6930.08,229136.97
2020,2,114,153140,29021.75,89640.03,4211.88,276013.66
2020,2,117,15908.75,1742,34953.5,116605.1,169209.35
2020,2,160,67197.75,19017,33276,346.15,119836.9
2020,2,190,0,0,0,0,0
2020,2,215,93009,18678.75,62315,1860.64,175863.39
2020,2,216,64674.5,11049.5,48668,7584.04,131976.04
2020,2,218,44963.5,17891.5,19401.25,1614,83870.25
2020,2,364,31969.5,19148,19260.25,0,70377.75
2020,2,365,58391.75,21150.5,61163.5,3325.27,144031.02
2020,2,366,0,0,0,0,0
2020,2,367,146532.83,23133.75,83973.25,22661.54,276301.37
2020,2,401,1973.82,810,17220,510,20513.82
2020,2,403,18184.25,1890,2978.75,150,23203
2020,2,404,12254,911.25,8130,247,21542.25
2020,2,520,52539.75,5303.5,8536,1673.07,68052.32
2020,2,536,26858.25,7365.5,18724,11139.3,64087.05
2020,3,113,133739.75,47386.5,60730.5,13491.88,255348.63
2020,3,114,109469.32,34308.75,88570.67,21789.55,254138.29
2020,3,117,52645.25,30313.75,62784.75,38963.72,184707.47
2020,3,160,67871.75,14289,82010.75,310.62,164482.12
2020,3,190,0,0,0,0,0
2020,3,215,137377.75,35924,56801.48,855.24,230958.47
2020,3,216,53674.75,7202.5,38539.5,2189.69,101606.44
2020,3,218,65479.75,9324.75,40483,736.5,116024
2020,3,364,61434,25973.5,18598.5,0,106006
2020,3,365,53286,26356,85533.75,10294.5,175470.25
2020,3,366,0,0,0,0,0
2020,3,367,159176.25,30573.75,75580.25,19207.83,284538.08
2020,3,401,14828.05,3510,6800,136.87,25274.92
2020,3,403,18238.71,2531.25,7460,0,28229.96
2020,3,404,13680,3780,7641.25,0,25101.25
2020,3,520,60253.25,2207.5,7505.5,6348.51,76314.76
2020,3,536,37734.75,8262.5,16096,564.92,62658.17
2020,4,113,157069,28830.5,61237.75,15542.68,262679.93
2020,4,114,124099.66,22765.5,97665.56,18127.98,262658.7
2020,4,117,30791.25,54903.5,25820.75,352.11,111867.61
2020,4,160,61396,35510,78238.75,0,175144.75
2020,4,190,0,0,0,0,0
2020,4,215,75554.5,15269.25,41987.75,466.15,133277.65
2020,4,216,88635.5,15355.25,23284.75,5281.78,132557.28
2020,4,218,66556.75,34340,35952,3827.98,140676.73
2020,4,364,58853.25,18606.25,15652.25,315.9,93427.65
2020,4,365,82776,26926.75,90718.75,6762.16,207183.66
2020,4,366,0,0,0,0,0
2020,4,367,127032.97,16701.25,62599.5,6749.85,213083.57
2020,4,401,5864.52,0,-661.25,344.5,5547.77
2020,4,403,7258.9,2160,1245,0,10663.9
2020,4,404,8830,3277.5,10728.75,587.18,23423.43
2020,4,520,55090,1939.75,9068.5,7816.79,73915.04
2020,4,536,42363.27,7358,9708.5,25,59454.77
2020,5,113,114559.75,47437.75,76197,1520.69,239715.19
2020,5,114,125206.5,19463.5,104417.41,2112.26,251199.67
2020,5,117,30440.25,37864.25,31208.75,3321.55,102834.8
2020,5,160,64417.5,22445,58487,714.85,146064.35
2020,5,190,0,0,0,0,0
2020,5,215,108733,13520.5,33481.5,956.49,156691.49
2020,5,216,60567.64,29681,16847.75,3292.39,110388.78
2020,5,218,41924,9815.5,42947.5,1964.87,96651.87
2020,5,364,37392,27456.5,21834.75,0,86683.25
2020,5,365,81700.25,47173.25,107868.5,2437.87,239179.87
2020,5,366,0,0,0,0,0
2020,5,367,152871.59,30314.25,88696,28530.72,300412.56
2020,5,401,63013.75,-326,3766.25,11361,77815
2020,5,403,11097.5,405,1111.25,500.89,13114.64
2020,5,404,5535.62,2737.5,2955,0,11228.12
2020,5,520,53397,7135.5,13882,3163.06,77577.56
2020,5,536,37780.16,2613,18358.25,1362.88,60114.29
2020,6,113,127462.09,36624.75,70354.5,3357.94,237799.28
2020,6,114,182777.97,17458,84325,15174.37,299735.34
2020,6,117,25946.5,39745.75,38122.75,3091.53,106906.53
2020,6,160,75626,18157,78031,502.56,172316.56
2020,6,190,0,0,0,0,0
2020,6,215,129908.19,38198,86427.25,1420.46,255953.9
2020,6,216,80564.38,10968,38241.75,2520.79,132294.92
2020,6,218,49460.5,12307,35389,1072.75,98229.25
2020,6,364,57466,13683.25,30594.25,0,101743.5
2020,6,365,60698.88,44875.75,91737.75,11684.72,208997.1
2020,6,366,0,0,0,0,0
2020,6,367,165880.83,22126.25,69221.75,15031.1,272259.93
2020,6,401,9487.5,1755,10915,0,22157.5
2020,6,403,11470.75,5231.25,1687.5,0,18389.5
2020,6,404,4950.5,0,10897.5,0,15848
2020,6,520,31064.5,3909.41,44930.5,4014.97,83919.38
2020,6,536,44789.5,4087,16315.5,2744.64,67936.64
2020,7,113,141877.75,49522.25,53999.5,3778.26,249177.76
2020,7,114,147745.48,16196.5,105815.87,8233.96,277991.81
2020,7,117,52618,25869.5,31022.25,1082.49,110592.24
2020,7,160,99045.5,15477,56687.75,2258.6,173468.85
2020,7,190,0,0,0,0,0
2020,7,215,88552,8212,40781.5,768.06,138313.56
2020,7,216,41268.88,14261,88710.25,14968.3,159208.43
2020,7,218,86121,16060,32344.5,5250.36,139775.86
2020,7,364,74615.25,26724.25,30866.5,3884.6,136090.6
2020,7,365,42711.38,35323.75,74100.5,405,152540.63
2020,7,366,0,0,0,0,0
2020,7,367,141779.9,14442.5,128450.25,8430.88,293103.53
2020,7,401,11652.75,2382.5,7436.25,0,21471.5
2020,7,403,17011.32,5130,8870,742.5,31753.82
2020,7,404,5569.25,1417.5,2550,0,9536.75
2020,7,520,36108,7991,34080.25,6306.85,84486.1
2020,7,536,36667,17486.25,6915,-200,60868.25
2020,8,113,117999.75,60892,57820.5,10670.26,247382.51
2020,8,114,188471.85,19360.5,126248.71,3538.66,337619.72
2020,8,117,46170.75,22381.75,42368.75,3171.65,114092.9
2020,8,160,85290,14337,61468.5,0,161095.5
2020,8,190,0,0,0,0,0
2020,8,215,112206.42,11399.75,40262.25,771.49,164639.91
2020,8,216,59308,16984.5,68841.75,8225.28,153359.53
2020,8,218,64597.5,10296.25,33648.5,1613,110155.25
2020,8,364,59493.25,15354.5,32548.5,0,107396.25
2020,8,365,41740.75,22240.5,55579.25,845,120405.5
2020,8,367,133363.28,35167.5,76641.25,5015.43,250187.46
2020,8,401,13000,4080,10462.5,0,27542.5
2020,8,403,15781.5,1700,842.5,0,18324
2020,8,404,2595,1620,6315,0,10530
2020,8,520,41094.5,9290.08,31169,325,81878.58
2020,8,536,32091,4854.5,23311.5,2841.07,63098.07
2020,9,113,140694.07,58823.5,54185.75,6635.74,260339.06
2020,9,114,196591.08,28696.5,94008.5,5407.07,324703.15
2020,9,117,50160.25,28776,32987.5,412.21,112335.96
2020,9,160,105719,21976,44088,3448.5,175231.5
2020,9,190,0,0,0,0,0
2020,9,215,102614.11,10241.5,41046,7509.22,161410.83
2020,9,216,67936.5,11658,54698.5,1389,135682
2020,9,218,63215.5,7303,34971,1129.44,106618.94
2020,9,364,51796.75,12145,38217.75,0,102159.5
2020,9,365,56023,35959.45,66823.5,11397,170202.95
2020,9,366,0,0,0,0,0
2020,9,367,153717.25,4805,123595.75,27201.46,309319.46
2020,9,401,4997.5,405,7618.75,0,13021.25
2020,9,403,12304.25,2025,9447.5,0,23776.75
2020,9,404,27281.25,6622.5,0,100.78,34004.53
2020,9,520,39354,4717.5,43494,0,87565.5
2020,9,536,37265.26,3450.5,13756.5,58.06,54530.32
2020,10,113,153217,34149,72146.25,19177.63,278689.88
2020,10,114,132536.95,17505.14,110995.67,9283.8,270321.56
2020,10,117,68132.5,39129.25,16620,1153.32,125035.07
2020,10,160,77390.5,10619.5,79194.25,16089.32,183293.57
2020,10,190,0,0,0,0,0
2020,10,215,110512.75,16700,69254,7997.91,204464.66
2020,10,216,95385,13199,33521.25,6588.82,148694.07
2020,10,218,71815,12174,37490.25,1487.68,122966.93
2020,10,364,68584.5,12631.5,15330.75,0,96546.75
2020,10,365,79559.25,45427.18,75678.25,6978,207642.68
2020,10,366,0,0,0,0,0
2020,10,367,197993.16,15682.5,104145,22723.33,340543.99
2020,10,401,710,2700,4485,0,7895
2020,10,403,11771.25,2463.75,8713.75,1015.79,23964.54
2020,10,404,-202.5,0,300,0,97.5
2020,10,520,56209.5,6421,32981,1101.66,96713.16
2020,10,536,25237.25,3718.5,13013,1699.47,43668.22
2020,11,113,156456.42,31877.75,104292.5,9791.48,302418.15
2020,11,114,111846.86,15888.75,96188.29,3159.55,227083.45
2020,11,117,51588.25,10880.75,21223.25,981.64,84673.89
2020,11,160,83007.75,10586,44956.75,7555.8,146106.3
2020,11,190,0,0,0,0,0
2020,11,215,98613.5,14503,37702.5,599.12,151418.12
2020,11,216,94610.25,8308,38759.5,21504.98,163182.73
2020,11,218,35911.25,5728.5,31871,3000.09,76510.84
2020,11,364,32776.25,13912.5,19437.75,0,66126.5
2020,11,365,34991,27133.25,64533.5,7092,133749.75
2020,11,366,0,0,0,0,0
2020,11,367,128077.83,16701.25,75240.44,4629.39,224648.91
2020,11,401,0,0,0,0,0
2020,11,403,5505.25,0,1972.5,0,7477.75
2020,11,404,5610,0,8685,0,14295
2020,11,520,53023.5,1943,31248.5,1378.31,87593.31
2020,11,536,21802.5,2868.44,17581,2035.53,44287.47
2020,12,113,156670.25,57919.25,63105.75,19279.12,296974.37
2020,12,114,137773.19,17989.5,124000.52,5564.97,285328.18
2020,12,117,32413.5,15539,23639,877.48,72468.98
2020,12,160,93400.25,16223.5,63442.75,2123.88,175190.38
2020,12,190,0,0,0,0,0
2020,12,215,114391.5,10848,50710.25,2273.84,178223.59
2020,12,216,71889,19497,52204.75,43269.38,186860.13
2020,12,218,56902.85,8403,34355.5,895,100556.35
2020,12,364,31417.75,11515,28709.75,1150,72792.5
2020,12,365,60093.25,65673,51678.25,814.68,178259.18
2020,12,366,0,0,0,0,0
2020,12,367,141807,15501.25,94450.23,19925.83,271684.31
2020,12,401,4657.5,0,0,225,4882.5
2020,12,402,0,0,0,0,0
2020,12,403,30136.25,274.5,2610,1244.51,34265.26
2020,12,404,22387.5,6311.25,15442.5,621.38,44762.63
2020,12,520,42437.5,5527.5,42543.5,1336.79,91845.29
2020,12,536,28070.38,2512.5,16552,599.45,47734.33
2021,1,113,141133.25,28359.5,48464.25,5354.87,223311.87
2021,1,114,133694.74,19172.5,99706.46,5672.78,258246.48
2021,1,117,50326.75,16777,22528.75,933.21,90565.71
2021,1,160,59997.6,7513.5,55400.25,1146.09,124057.44
2021,1,190,0,0,0,0,0
2021,1,215,116895.75,7655.5,55877.5,588.07,181016.82
2021,1,216,57503.25,15565.5,27172.5,5056.29,105297.54
2021,1,218,47974,8484,40431,268.05,97157.05
2021,1,364,38026.5,6752.25,17997.5,0,62776.25
2021,1,365,65428.25,10020.5,67794.25,3858.46,147101.46
2021,1,366,0,0,0,0,0
2021,1,367,100227,18051.5,60474.82,6381.23,185134.55
2021,1,401,-997.5,0,0,0,-997.5
2021,1,403,8627.75,860,507.5,0,9995.25
2021,1,404,19466.25,2109.75,5000,53.98,26629.98
2021,1,520,35857.5,2900.88,30752.5,0,69510.88
2021,1,536,41588.08,1781,7818,0,51187.08
2021,2,113,157972.75,38684,45530.75,15777.26,257964.76
2021,2,114,139509.54,19161,110836.51,4843.05,274350.1
2021,2,117,36939.5,8540,15668,0,61147.5
2021,2,160,83484,12451.25,60591.5,5638.44,162165.19
2021,2,190,0,0,0,0,0
2021,2,215,122860,14165,49381.75,2429.89,188836.64
2021,2,216,58666.5,9662,42346.75,4397.01,115072.26
2021,2,218,36931,14461,17193,0,68585
2021,2,364,30444,5362,32266.5,0,68072.5
2021,2,365,27865.25,13086.25,43881.75,3426.8,88260.05
2021,2,366,0,0,0,0,0
2021,2,367,139113.77,25272,54940.81,3134.71,222461.29
2021,2,401,0,0,0,0,0
2021,2,403,7292.5,0,1509.5,0,8802
2021,2,404,963.75,1574.25,8627.5,0,11165.5
2021,2,520,34171,3596,22438,3255.42,63460.42
2021,2,536,18902.5,700,11042,1394.44,32038.94
2021,3,113,161480.5,25318.5,47948.25,4913.54,239660.79
2021,3,114,202726.35,8540,110531.89,7603.68,329401.92
2021,3,117,49962.25,51717,45431.5,3450.85,150561.6
2021,3,160,77447.25,13125,95289,4906.05,190767.3
2021,3,190,0,0,0,0,0
2021,3,215,102611,8719,91048.25,8835.43,211213.68
2021,3,216,98035.5,16030,56489.26,10549.68,181104.44
2021,3,218,67413.5,9345,36355,644.35,113757.85
2021,3,364,31325.08,10827.25,33839.25,752.72,76744.3
2021,3,365,63810.25,38738.29,85165,10810.54,198524.08
2021,3,366,0,0,0,0,0
2021,3,367,172672.18,17901,86241.5,9287.1,286101.78
2021,3,401,0,0,0,0,0
2021,3,403,21535.5,1033.42,2652.6,2827.63,28049.15
2021,3,404,8638.75,4889.75,20242.5,832.4,34603.4
2021,3,520,57181.11,7770,27111,271.14,92333.25
2021,3,536,43456.5,4031,10929.5,7373.66,65790.66
2021,4,113,135261.69,45695.25,49228,8237.64,238422.58
2021,4,114,164189.13,18340,100002.75,7202.49,289734.37
2021,4,117,29877.25,7628,16553.5,118.43,54177.18
2021,4,160,86241.01,20510,85351.25,16303.59,208405.85
2021,4,190,0,0,0,0,0
2021,4,215,138789.5,11847,61556.75,5645.62,217838.87
2021,4,216,83333.5,18037,57516.25,6158.05,165044.8
2021,4,218,77025.5,11842,23864.5,3957.7,116689.7
2021,4,364,29798,13809.75,11736,1871.94,57215.69
2021,4,365,48030.75,24825.75,42946,2543.19,118345.69
2021,4,366,0,0,0,0,0
2021,4,367,126567,17617.5,61229.87,8031.95,213446.32
2021,4,401,0,0,0,0,0
2021,4,403,18452.25,0,3857,1022.54,23331.79
2021,4,404,15050,1545,11366.25,225,28186.25
2021,4,520,38584.95,11174,23636,0,73394.95
2021,4,536,32591.5,3542.54,3111,250.56,39495.6
2021,5,113,136605,47603.5,68036.75,15833.13,268078.38
2021,5,114,166215.51,20177.5,88827.5,2798.15,278018.66
2021,5,117,22501.5,21091.5,14214.5,1519,59326.5
2021,5,160,87701.5,14373.25,68924.75,3061.52,174061.02
2021,5,190,0,0,0,0,0
2021,5,215,89369.07,18276.72,90243.5,2434.98,200324.27
2021,5,216,108239.75,8435,29212.5,3899.12,149786.37
2021,5,218,54919.52,19833,32051.75,1718.15,108522.42
2021,5,364,61847.5,14552.75,30462,778.72,107640.97
2021,5,365,90111.27,35614.25,70407.75,13349.33,209482.6
2021,5,366,0,0,0,0,0
2021,5,367,112751.25,11735.25,34217.68,6599.53,165303.71
2021,5,401,0,0,0,0,0
2021,5,403,44698.75,0,4244.5,1359.96,50303.21
2021,5,404,8638.75,564,7494,1643.71,18340.46
2021,5,520,17128.5,1540,23376,196,42240.5
2021,5,536,43781,1920,5707.5,0,51408.5
2021,6,113,197517.53,56182.25,48053.5,18426.27,320179.55
2021,6,114,160361.5,36096.5,123136.75,1050.87,320645.62
2021,6,117,36967.75,35533,16282,9.75,88792.5
2021,6,160,75176.5,8050,96000,4353.25,183579.75
2021,6,190,0,0,0,0,0
2021,6,215,115753,34539.5,38200.25,1436.33,189929.08
2021,6,216,107670.25,15890,33435,13227.03,170222.28
2021,6,218,62724.75,29313,28758.5,892,121688.25
2021,6,364,16379,4923.75,19647.75,0,40950.5
2021,6,365,65555.5,47499.75,63196.25,9292.43,185543.93
2021,6,366,0,0,0,0,0
2021,6,367,188904.5,28512,76351.08,16233.78,310001.36
2021,6,401,0,0,0,0,0
2021,6,403,16160,2851.5,17014,15115.8,51141.3
2021,6,404,5756.25,846,3300,0,9902.25
2021,6,520,21286,7035,7923,924.91,37168.91
2021,6,536,36274,2695,4110.5,260,43339.5
2021,7,113,158020,65041.75,39970.75,10021.7,273054.2
2021,7,114,144357.32,32562,94324.75,6776.91,278020.98
2021,7,117,15551.25,39282,17135,0,71968.25
2021,7,160,70442,24395,59419.75,713.25,154970
2021,7,190,0,0,0,0,0
2021,7,215,124738.75,29540,46601,18888.26,219768.01
2021,7,216,145704.5,15855,31222.5,6500.47,199282.47
2021,7,218,72832,12898,27837,1027.2,114594.2
2021,7,364,83306.75,18750,24731.5,0,126788.25
2021,7,365,78945.14,39055.5,66723.75,6574.73,191299.12
2021,7,366,0,0,0,0,0
2021,7,367,134209.04,21343.5,46184.31,4335.65,206072.5
2021,7,401,0,0,0,0,0
2021,7,403,25703.25,2079.75,1057.5,583.5,29424
2021,7,404,8695,846,7346.75,0,16887.75
2021,7,520,42143.25,7000,9220,3420.8,61784.05
2021,7,536,25808,2730,4133,1490.69,34161.69
2021,8,113,163405.25,76077,58177.75,5590.93,303250.93
2021,8,114,178275.48,18190,107934.63,2735.92,307136.03
2021,8,117,45967.25,12440,38690,326.33,97423.58
2021,8,160,70677.25,15225,95196.5,5942.26,187041.01
2021,8,190,0,0,0,0,0
2021,8,215,101126.75,25574,61530.75,3475.95,191707.45
2021,8,216,133976.5,10325,22974.75,1618.63,168894.88
2021,8,218,37404,11941,44473.5,14564.8,108383.3
2021,8,364,40113.75,18824.75,8848.75,319.99,68107.24
2021,8,365,93824.5,42407.83,74246,3611.65,214089.98
2021,8,366,0,0,0,0,0
2021,8,367,173578.29,13162.5,40259.9,11172.43,238173.12
2021,8,401,0,0,0,0,0
2021,8,403,18650.25,4653,5510.75,0,28814
2021,8,404,9717.5,987,3198.75,632.3,14535.55
2021,8,520,40831.75,6195,16524,1260.14,64810.89
2021,8,536,64964,4060,2323,1857.63,73204.63
2021,9,113,183044.75,21443.5,56287,2264.99,263040.24
2021,9,114,162793.81,13444,105496.17,4124.85,285858.83
2021,9,117,26458.5,27573.25,24288,0,78319.75
2021,9,160,70791,17990,72398,10870.4,172049.4
2021,9,190,0,0,0,0,0
2021,9,215,92688.5,11060.5,26179.25,3909.29,133837.54
2021,9,216,115506.75,12262,11982,3216.9,142967.65
2021,9,218,64240.5,8294,28581,12915.4,114030.9
2021,9,364,75982.25,9288,22186.25,0,107456.5
2021,9,365,91849.42,29567.5,60245.5,6524.18,188186.6
2021,9,366,0,0,0,0,0
2021,9,367,131531.75,11798.5,38051.97,9116.33,190498.55
2021,9,401,0,0,0,0,0
2021,9,403,25128,2559.75,-65.25,3305.77,30928.27
2021,9,404,8535.75,2397,5594.25,363.44,16890.44
2021,9,520,24551.5,1995,26204.34,8850.31,61601.15
2021,9,536,27531.5,1435,8244.25,223.06,37433.81
2021,10,113,157223,39190.75,69836.25,8077.46,274327.46
2021,10,114,197854.17,16442.25,129534.75,5054.21,348885.38
2021,10,117,36504.5,11220,15253.5,1306.54,64284.54
2021,10,160,66550,13195,69288,6953.87,155986.87
2021,10,190,0,0,0,0,0
2021,10,215,70929,21674,58311,5797.94,156711.94
2021,10,216,131425.25,15855.5,11922,11811.75,171014.5
2021,10,218,39945,14130,55404.75,3941.16,113420.91
2021,10,364,79080.5,19983.25,27930.25,0,126994
2021,10,365,97744.81,35901.76,72919.25,2602.87,209168.69
2021,10,366,0,0,0,0,0
2021,10,367,111067.5,18375,27707.46,7745.35,164895.31
2021,10,401,0,0,0,0,0
2021,10,403,11549.75,1339.5,3160.5,558.08,16607.83
2021,10,404,6203.75,987,811.5,0,8002.25
2021,10,520,12518,6650,23133.88,385.58,42687.46
2021,10,536,34551.5,3436,12720,1317.23,52024.73
2021,11,113,136925.5,28790.5,58360.5,4999.93,229076.43
2021,11,114,154209.3,11580,103374.13,4931.24,274094.67
2021,11,117,47113.5,16331,10254.5,3449.15,77148.15
2021,11,160,94531.55,4095,78580,2202.2,179408.75
2021,11,190,0,0,0,0,0
2021,11,215,100758,26287.5,59497.25,1353.35,187896.1
2021,11,216,103188.25,7104.5,25414.75,7097.92,142805.42
2021,11,218,60764.25,7008,30683.5,287.82,98743.57
2021,11,364,38617.75,15805.75,21236,0,75659.5
2021,11,365,85277.28,22956.25,65297.75,9567.46,183098.74
2021,11,366,0,0,0,0,0
2021,11,367,135289.25,22059.75,40474.67,4710.77,202534.44
2021,11,401,0,0,0,0,0
2021,11,403,8138,1057.5,0,0,9195.5
2021,11,404,-555,-987,11052,0,9510
2021,11,520,31902.75,490,13383.5,7293.27,53069.52
2021,11,536,27301.5,0,14817,1657.38,43775.88
2021,12,113,202597.01,33699.5,48309.75,16853.49,301459.75
2021,12,114,156807.93,10687,137420.52,6227.17,311142.62
2021,12,117,26658.25,19669.5,21449,2413.44,70190.19
2021,12,160,62358.5,5530,92351.25,2226.77,162466.52
2021,12,190,0,0,0,0,0
2021,12,215,172976.47,28087,50339.75,8576.68,259979.9
2021,12,216,113747.34,6011,27819.5,18480.19,166058.03
2021,12,218,58284.75,9310,36102,4835.47,108532.22
2021,12,364,45609.88,22031.25,16263.25,1550,85454.38
2021,12,365,51984.57,28514.25,52854.75,1801.39,135154.96
2021,12,366,0,0,0,0,0
2021,12,367,174338.89,16929,46156.62,7165.51,244590.02
2021,12,401,0,0,0,0,0
2021,12,403,28572.75,6569.5,8324.75,3104.1,46571.1
2021,12,404,8263,1792.5,3838.5,473.1,14367.1
2021,12,520,6469.5,1610,9239.5,3334.97,20653.97
2021,12,536,16245.75,1050,31581,3740.65,52617.4
2022,1,113,150463.5,31582.25,21803.5,7344.37,211193.62
2022,1,114,148890.51,12458.25,73327.52,10173.54,244849.82
2022,1,117,31051.58,10549.5,27425,12,69038.08
2022,1,160,83575.5,3307.5,64783.25,3577.94,155244.19
2022,1,190,0,0,0,0,0
2022,1,215,134604.5,23817.5,26621.5,188.25,185231.75
2022,1,216,89637.26,12188,27721.25,6170.6,135717.11
2022,1,218,53436.25,7386.75,57564.25,1488.71,119875.96
2022,1,364,60895.75,12183.5,12223,0,85302.25
2022,1,365,106456,29735,73675.75,2946.93,212813.68
2022,1,367,144867.5,21080,27104.5,5103.3,198155.3
2022,1,401,0,0,0,0,0
2022,1,403,19556.72,-2608.5,4492,1235.98,22676.2
2022,1,404,7230.25,0,2919,0,10149.25
2022,1,520,25086,3564.75,4848.75,421.89,33921.39
2022,1,536,13770.5,1764,17036.75,152.63,32723.88
2022,2,113,149883.75,47313,32112.5,15027.21,244336.46
2022,2,114,226964.98,16747.5,104392.75,3071.19,351176.42
2022,2,117,31079.25,3769.25,24918.5,2843,62610
2022,2,160,70862.25,13560.75,91795.75,1632.73,177851.48
2022,2,190,0,0,0,0,0
2022,2,215,165057,14020,33816.75,4926.29,217820.04
2022,2,216,79937.88,9098.25,40436.25,12170.27,141642.65
2022,2,218,95310.5,9111.75,41362.5,1713.4,147498.15
2022,2,364,93675.25,26475,13477.25,0,133627.5
2022,2,365,106930,32352.5,83457.78,12411.35,235151.63
2022,2,367,119815.5,-1552.5,45700.75,13541.4,177505.15
2022,2,401,0,0,0,0,0
2022,2,403,6015,697.5,7149,392.7,14254.2
2022,2,404,6163.75,1184,0,0,7347.75
2022,2,520,32082.25,1433.25,5886,629.23,40030.73
2022,2,536,27327,588,6091,0,34006
2022,3,113,323875.5,28006.25,57350.5,17022.75,426255
2022,3,114,211990.05,20468.75,140526.25,10575.25,383560.3
2022,3,117,68126,9518,31595.75,5610.63,114850.38
2022,3,160,124633,18229.5,80276.25,361.6,223500.35
2022,3,190,0,0,0,0,0
2022,3,215,171979,22425.25,32925,1277.59,228606.84
2022,3,216,126210.46,7988.25,21758.25,6969.15,162926.11
2022,3,218,92092.75,15189.75,50907,508.57,158698.07
2022,3,364,75008.75,36306.25,8174.25,1575,121064.25
2022,3,365,113610.5,36694.5,95620.25,17065.15,262990.4
2022,3,367,165121,24692.5,70082,9572.13,269467.63
2022,3,401,0,0,0,0,0
2022,3,403,34364.78,-481,4293,8648.98,46825.76
2022,3,404,7008.75,1036,9087.25,1348.48,18480.48
2022,3,520,44677.5,2425.5,10309,3887.69,61299.69
2022,3,536,20100.25,4814.25,8648.5,1746.8,35309.8
2022,4,113,215557.75,62485.75,37377.75,16136.9,331558.15
2022,4,114,217995,16778.25,117418.25,14596.97,366788.47
2022,4,117,44737.74,4961.25,21445.5,459.69,71604.18
2022,4,160,137264.75,11259.5,32553,0,181077.25
2022,4,190,0,0,0,0,0
2022,4,215,139976.75,52428,9200.75,3372.14,204977.64
2022,4,216,74070.9,10926.75,13784.75,8347.95,107130.35
2022,4,218,118152,15974.75,33315.75,183.64,167626.14
2022,4,364,36524.25,11337.75,8959,800,57621
2022,4,365,91272.75,37773.5,44780,2872.72,176698.97
2022,4,367,134011,18709.5,52781.25,10017.3,215519.05
2022,4,401,0,0,0,0,0
2022,4,403,18840.75,0,1939,8433.26,29213.01
2022,4,404,0,0,588,0,588
2022,4,520,31494.25,1396.5,4691.5,5209.6,42791.85
2022,4,536,25542.81,73.5,7933.5,1434.16,34983.97
2022,5,113,248472.5,25044,28143,5167.8,306827.3
2022,5,114,199906.5,15892.75,90055,5339.17,311193.42
2022,5,117,41422,10071.5,24320.75,78.45,75892.7
2022,5,160,58902.25,12127.5,67075,144.92,138249.67
2022,5,190,0,0,0,0,0
2022,5,215,145076.75,7350.5,21268.25,1170.26,174865.76
2022,5,216,110180.22,2461,26282.5,14032.29,152956.01
2022,5,218,70559.5,11479,59199.75,1289.9,142528.15
2022,5,364,49318.5,12269,11596.5,1200,74384
2022,5,365,79933.44,11424.5,53754.25,8217.5,153329.69
2022,5,367,127619.75,21002.5,38365.75,13442.56,200430.56
2022,5,401,0,0,0,0,0
2022,5,403,8769.25,0,1184,0,9953.25
2022,5,404,0,0,1630,900.22,2530.22
2022,5,520,25535.5,1102.5,3156.25,7028.28,36822.53
2022,5,536,18754.85,1102.5,10954.5,38.07,30849.92
2022,6,113,199427.25,46503.75,45615.75,7080.74,298627.49
2022,6,114,281176.72,12980.9,96454,6999.43,397611.05
2022,6,117,56763.75,8059.75,27654,143.04,92620.54
2022,6,160,102052.25,2462.25,91062.75,283.43,195860.68
2022,6,190,0,0,0,0,0
2022,6,215,192626.55,4435.5,35721,7183.44,239966.49
2022,6,216,129461.75,10944.25,19463.75,9264.62,169134.37
2022,6,218,96100.25,17767.25,29999.25,2194.46,146061.21
2022,6,364,31862.25,10751.75,14278.25,0,56892.25
2022,6,365,131738.6,24583.75,52338.44,5479.9,214140.69
2022,6,367,172894.75,23015,42414.75,25159.41,263483.91
2022,6,401,0,0,0,0,0
2022,6,403,41512.54,1036,5569,1162.5,49280.04
2022,6,404,3467.5,0,336,436.38,4239.88
2022,6,520,43893.99,0,7418.5,-310.71,51001.78
2022,6,536,30326.5,1984,7084,677.67,40072.17
2022,7,113,219487.5,28822.75,40780,21923.52,311013.77
2022,7,114,207585,14122.7,74749.79,4903.47,301360.96
2022,7,117,53798.5,6321,33139.5,2423.6,95682.6
2022,7,160,54783.5,18007.5,67169,0,139960
2022,7,190,0,0,0,0,0
2022,7,215,179098.5,11210.5,43397.75,2071.28,235778.03
2022,7,216,64193,25455,1688,6052.36,97388.36
2022,7,218,105065,4627.25,22386,7944.48,140022.73
2022,7,364,37173,18132.25,16381.25,0,71686.5
2022,7,365,113824.65,59649.1,45480.25,2607,221561
2022,7,367,172640.55,15175.25,41468.75,14182.84,243467.39
2022,7,401,0,0,0,0,0
2022,7,403,8398,4701.5,16608,3855.11,33562.61
2022,7,404,3786,1184,1121.75,0,6091.75
2022,7,520,27904.75,-117.5,4082.25,0,31869.5
2022,7,536,35574.5,1359.75,3716.5,0,40650.75
2022,8,113,236810,99979,41544.5,27652.71,405986.21
2022,8,114,259408.51,33484.5,96739.5,11269.07,400901.58
2022,8,117,29555.75,29480.25,41187,-16.18,100206.82
2022,8,160,124896,13738,80705.5,692.31,220031.81
2022,8,190,0,0,0,0,0
2022,8,215,193767.5,14581.25,30328.5,375,239052.25
2022,8,216,119550.25,22625.75,21893.25,8952.24,173021.49
2022,8,218,93559,4814.25,41729.5,3165.57,143268.32
2022,8,364,31606.5,21065.5,14496.25,0,67168.25
2022,8,365,161663.42,45556.75,73293.5,4021.66,284535.33
2022,8,367,136579.51,24449.75,43367,19055.56,223451.82
2022,8,401,0,0,0,0,0
2022,8,403,28163,12647,55002.5,31626.46,127438.96
2022,8,404,520.5,74,0,0,594.5
2022,8,520,26562.25,2021.25,9183,625,38391.5
2022,8,536,36177,10400.25,4149,0,50726.25
2022,9,113,177964.5,49884.25,33303,6706.84,267858.59
2022,9,114,221429.25,29303.1,111099.75,12462.31,374294.41
2022,9,117,34569.25,5625.25,43744.75,56.69,83995.94
2022,9,160,79554.75,9210.25,58324.5,0,147089.5
2022,9,190,0,0,0,0,0
2022,9,215,178014.75,12164.25,40507.75,127.89,230814.64
2022,9,216,126961,10838.5,17290.25,15816.11,170905.86
2022,9,218,77856.75,735,22613.5,2242.83,103448.08
2022,9,364,19474.25,16710.5,13888.75,5300,55373.5
2022,9,365,176544.06,29842.25,48433.25,3338.91,258158.47
2022,9,367,89951.73,27274.5,36043.25,33212.37,186481.85
2022,9,401,0,0,0,0,0
2022,9,403,8065,222,3123.5,1312.27,12722.77
2022,9,404,4806,0,588,41.92,5435.92
2022,9,520,45827.95,1874.25,5860.05,0,53562.25
2022,9,536,37863.25,1249.5,7047,48.38,46208.13
2022,10,113,241712.25,53527.25,41461,4270.7,340971.2
2022,10,114,248508.99,16279.25,101907.5,45261.85,411957.59
2022,10,117,66510.56,18284.5,54888,14156.15,153839.21
2022,10,160,75544,9767.5,65848.25,0,151159.75
2022,10,190,0,0,0,0,0
2022,10,215,180709.25,21317.5,38419.75,945.81,241392.31
2022,10,216,85432.25,4856.75,25114.75,7225.73,122629.48
2022,10,218,104063.5,6064.5,20360.75,3708.73,134197.48
2022,10,364,46032.5,12273.5,9940.5,198.5,68445
2022,10,365,84166.21,16167,45592.25,679.42,146604.88
2022,10,367,196801.1,45682.5,41550.5,24962.93,308997.03
2022,10,401,0,0,0,0,0
2022,10,403,26340.6,0,20647.5,11828.11,58816.21
2022,10,404,0,0,420,0,420
2022,10,520,31418.25,13413.75,3940.5,0,48772.5
2022,10,536,39910.82,3454.5,10848.5,2085.7,56299.52
2022,11,113,207132.25,21006.5,66480.75,8092.02,302711.52
2022,11,114,177151.25,19873.85,93265.25,26825.17,317115.52
2022,11,117,20966.25,6510.5,56851.5,376.07,84704.32
2022,11,160,115099.32,8452.5,39483.5,1000,164035.32
2022,11,190,0,0,0,0,0
2022,11,215,156714.75,4186.5,51095.25,2848.97,214845.47
2022,11,216,47035,34815.5,13848.25,3986.2,99684.95
2022,11,218,63068.45,6132.5,27471.5,462.75,97135.2
2022,11,364,54436.25,7557,32496.1,3000.66,97490.01
2022,11,365,149349.33,20548.75,55820.75,6275.73,231994.56
2022,11,367,151555.76,11637.5,23560.25,3696.63,190450.14
2022,11,401,0,0,0,0,0
2022,11,403,27745.5,9262.5,15923.5,5722.28,58653.78
2022,11,404,29803.75,0,658,3273.58,33735.33
2022,11,520,38914.35,1359.75,8083,1031.18,49388.28
2022,11,536,26347.2,0,14924.5,15734.7,57006.4
2022,12,113,275995.2,44270.75,32691.5,27987.25,380944.7
2022,12,114,274762.75,23885.65,111261,12370.95,422280.35
2022,12,117,63515.58,8047.75,56166.25,6949.59,134679.17
2022,12,160,84067.48,6210.75,67105,0,157383.23
2022,12,190,0,0,0,0,0
2022,12,215,182172.12,7597.75,49398.75,1410.46,240579.08
2022,12,216,118013.93,2382,37348.5,29929.49,187673.92
2022,12,218,80412.45,3759.5,54091.5,6913.72,145177.17
2022,12,364,45144.75,9874.5,15136,1500,71655.25
2022,12,365,100756.27,44413.75,89339.6,3637.84,238147.46
2022,12,367,179991.7,34845.25,47790.5,19971.32,282598.77
2022,12,401,0,0,0,0,0
2022,12,403,17629.75,6947,40677,9892.14,75145.89
2022,12,404,4718.5,0,1041,0,5759.5
2022,12,520,15842.75,3564.75,4479.65,0,23887.15
2022,12,536,61527,2094.75,4637.5,0,68259.25
2023,1,113,172083.25,33427.25,49063.75,9253.5,263827.75
2023,1,114,199311,11019,124441.75,22339.37,357111.12
2023,1,117,55869.5,6159,68919.5,504.41,131452.41
2023,1,160,89395.25,6794,42490,0,138679.25
2023,1,190,0,0,0,0,0
2023,1,215,159626.75,9469,38428.25,414.09,207938.09
2023,1,216,118700,1987,21510,8818.64,151015.64
2023,1,218,64557.5,16409.75,26454.25,2503.67,109925.17
2023,1,364,58708.53,13547.25,21618.5,300,94174.28
2023,1,365,121261.27,24509.53,73203.22,3743.19,222717.21
2023,1,367,141178.25,18804.75,39545.95,11511.96,211040.91
2023,1,403,60708.5,17052.25,8284,4176.2,90220.95
2023,1,404,14515,0,0,0,14515
2023,1,520,35101.75,113.5,4149,0,39364.25
2023,1,536,24980.85,1764,9962,361.89,37068.74
2023,2,113,199534.75,40958,37371.25,19754.48,297618.48
2023,2,114,338834.41,14509.15,99795.49,13728.38,466867.43
2023,2,117,74319.7,21035.75,86565.75,3095.3,185016.5
2023,2,160,84249,11314.25,56699.75,0,152263
2023,2,190,0,0,0,0,0
2023,2,215,146388.95,20862,29543.5,1911.31,198705.76
2023,2,216,123454.25,1994.25,22659.5,11066,159174
2023,2,218,85779.2,13730.25,46874.5,16205.98,162589.93
2023,2,364,74051.78,3762.75,18383.5,0,96198.03
2023,2,365,111823.84,16994.29,47395.25,1416.17,177629.55
2023,2,367,162392.79,72660.25,41729.5,18328.54,295111.08
2023,2,403,10871,4905,15800.5,390.25,31966.75
2023,2,404,1015.5,0,0,0,1015.5
2023,2,520,35754.05,277,1620,2759.68,40410.73
2023,2,536,47461,-661.5,4398.5,143.15,51341.15
2023,3,113,240411.7,22341.25,93326.75,12404.04,368483.74
2023,3,114,260843.48,21177.49,126963.5,14311.76,423296.23
2023,3,117,96912,34187.75,97366.29,580.46,229046.5
2023,3,160,90321.52,12575.75,49068.4,0,151965.67
2023,3,190,0,0,0,0,0
2023,3,215,178834.4,2366,53007.45,1386.18,235594.03
2023,3,216,98978.86,19036.5,46981.25,16441.86,181438.47
2023,3,218,129632.68,18035.75,37343.75,8783.27,193795.45
2023,3,364,63438.73,9183.25,25312,1556.94,99490.92
2023,3,365,159286.9,26689.25,61869,3854.44,251699.59
2023,3,367,184509.04,45772.5,45828.75,24900.41,301010.7
2023,3,403,79801.25,20793,16071.25,8192,124857.5
2023,3,404,23590,0,0,0,23590
2023,3,520,40002.3,2171,1638,12.35,43823.65
2023,3,536,35540,0,6302,283.18,42125.18
2023,4,113,227155.25,40904.25,33058,6291.42,307408.92
2023,4,114,275923.08,14858.6,97667,12239.92,400688.6
2023,4,117,58495.5,26548.25,58209,0,143252.75
2023,4,160,69088.5,16449.5,50279,0,135817
2023,4,190,0,0,0,0,0
2023,4,215,140138.97,11602.5,62280.75,887.97,214910.19
2023,4,216,80169,4371,39425.75,11444.14,135409.89
2023,4,218,93660.75,31757.5,44762,2508.6,172688.85
2023,4,364,51882.64,15023.75,10898.75,0,77805.14
2023,4,365,103347.95,39422.5,84222,2001.77,228994.22
2023,4,367,197193.04,42212.5,35825.25,6941.16,282171.95
2023,4,403,51326.75,20613.75,24178.75,3761.67,99880.92
2023,4,404,8770,0,0,0,8770
2023,4,520,23159.3,3298.25,3893.5,0,30351.05
2023,4,536,44100,2254.5,858,6087.5,53300
2023,5,113,209387.25,35348.25,32325.5,6073.39,283134.39
2023,5,114,248354,25201.2,87509.4,23453.79,384518.39
2023,5,117,69396.64,35728.25,76047.75,131.9,181304.54
2023,5,160,68238.5,11523,43561,0,123322.5
2023,5,190,0,0,0,0,0
2023,5,215,58472.38,4717.75,44220.75,1560.2,108971.08
2023,5,216,86620.26,5179.5,37129.15,11015.06,139943.97
2023,5,218,96796.5,17876.25,26549,1161.17,142382.92
2023,5,364,57402,27574.34,29289.18,1400,115665.52
2023,5,365,56617.87,43004.75,75478.95,17462.09,192563.66
2023,5,367,157376.57,30727.5,39916.73,12892.9,240913.7
2023,5,403,8506.5,6796.5,17859,29958.12,63120.12
2023,5,404,10140,0,0,0,10140
2023,5,520,28140,1043.75,7490,0,36673.75
2023,5,536,17117,0,4607.5,291.32,22015.82
2023,6,113,209091.25,34763.5,38608.75,30237.16,312700.66
2023,6,114,177761.07,23357.6,94095.5,11184.23,306398.4
2023,6,117,86470.3,28246.25,90660.75,3742.13,209119.43
2023,6,160,144487.5,4300.25,48527,0,197314.75
2023,6,190,0,0,0,0,0
2023,6,215,153421.33,10818.5,102251.5,1112.07,267603.4
2023,6,216,142005.48,11367.25,38316.25,8849.96,200538.94
2023,6,218,98789,18907.25,54650.5,2930.74,175277.49
2023,6,364,45295.25,7990.75,19874,0,73160
2023,6,365,57894.66,20714.75,39127,515.84,118252.25
2023,6,367,170623.09,49222.25,41243.08,5455.71,266544.13
2023,6,403,22229,5771,34701,1252.82,63953.82
2023,6,404,12887.5,1054.25,522,0,14463.75
2023,6,520,31215.1,7890.75,6408.5,0,45514.35
2023,6,536,62464.21,1741,11801.5,0,76006.71
2023,7,113,254862.75,39277.25,33591,2574.89,330305.89
2023,7,114,280034.75,30997.95,115163.55,23975.37,450171.62
2023,7,117,74496.56,13672.5,101722.25,1077.87,190969.18
2023,7,160,96207.5,3590.5,35841.25,0,135639.25
2023,7,190,0,0,0,0,0
2023,7,215,148304.7,40966.63,81031.25,7746.64,278049.22
2023,7,216,106661,21064,43780.5,7782.02,179287.52
2023,7,218,92514.25,15602.25,50454.5,682.06,159253.06
2023,7,364,86708.15,5227.5,23110,0,115045.65
2023,7,365,62226,30861.25,48667.25,8835.01,150589.51
2023,7,367,146675.79,100273.5,48387.75,7358.41,302695.45
2023,7,403,41785,7797.1,36120.75,0,85702.85
2023,7,404,13942,472.5,0,0,14414.5
2023,7,520,36630.6,2311.75,3508,0,42450.35
2023,7,536,30471.03,4936.5,4695,1107.53,41210.06
2023,8,113,238316,40601.75,51191,8446.48,338555.23
2023,8,114,192131.18,11353.5,146785.61,18878.12,369148.41
2023,8,117,83857.5,24679.5,100283.5,765.11,209585.61
2023,8,160,218055.75,10354,38651.75,0,267061.5
2023,8,190,0,0,0,0,0
2023,8,215,183278.3,44139.25,121660,882.16,349959.71
2023,8,216,100706.25,15108.25,39832.75,7266.6,162913.85
2023,8,218,57436.75,31366.5,22333.75,17577.61,128714.61
2023,8,364,81825.25,12866.83,24860.75,0,119552.83
2023,8,365,108997,18840.75,87409.75,0,215247.5
2023,8,367,185204.95,29772.5,58101.75,3583.96,276663.16
2023,8,403,93063.8,15577.08,14436,2143.51,125220.39
2023,8,404,18378.5,0,0,0,18378.5
2023,8,520,43447.19,3924.5,12718,0,60089.69
2023,8,536,20574.5,7372.75,2299.5,0,30246.75
2023,9,113,252127.76,31282.25,46944.75,17359.03,347713.79
2023,9,114,323851.82,27907.5,88567.25,14647.03,454973.6
2023,9,117,71774.78,7656.75,102644.75,13162.9,195239.18
2023,9,160,90215.5,13861,48238.25,0,152314.75
2023,9,190,0,0,0,0,0
2023,9,215,206751.83,26525.5,96281.75,33205.45,362764.53
2023,9,216,67938.25,14032,41020.25,5684.67,128675.17
2023,9,218,108066,20476.5,42502.75,790.1,171835.35
2023,9,364,78960.75,12499.25,16563.25,0,108023.25
2023,9,365,108188.5,32888.25,80976.25,2908.59,224961.59
2023,9,367,219408.59,65796,63782.5,4290.1,353277.19
2023,9,403,14913.5,7462,15776.25,691.98,38843.73
2023,9,404,11313,0,0,0,11313
2023,9,520,29332.06,3674,9499.75,0,42505.81
2023,9,536,32521.95,-1036,8053,902.67,40441.62
2023,10,113,207757.76,22815.25,45656.75,18218.04,294447.8
2023,10,114,267416.05,26979.75,136090.75,8722.77,439209.32
2023,10,117,80443.25,15044.25,69582.75,3245.5,168315.75
2023,10,160,137428,22837.25,47228.25,0,207493.5
2023,10,190,0,0,0,0,0
2023,10,215,193087.35,32048.25,62687.5,8868.24,296691.34
2023,10,216,102129,5617.75,21336.5,5017.28,134100.53
2023,10,218,148435.5,18521,57122.5,10352.68,234431.68
2023,10,364,78570.25,7568.75,23780.08,1850,111769.08
2023,10,365,110406.45,49146.25,72744,3833.36,236130.06
2023,10,367,206654.84,28102.25,76860.49,9920.26,321537.84
2023,10,403,24142.25,4383.5,36476.75,3540.35,68542.85
2023,10,404,9064,0,1212.5,0,10276.5
2023,10,520,29726.1,10959,8127.25,0,48812.35
2023,10,536,37653.5,6668,7568.75,409.24,52299.49
2023,11,113,218363.8,64818.25,53745,24568.11,361495.16
2023,11,114,229849.09,20206.65,93860.98,13714.16,357630.88
2023,11,117,62697.79,13300,65708,3099.54,144805.33
2023,11,160,121426.5,6721.75,52144.75,0,180293
2023,11,190,0,0,0,0,0
2023,11,215,149072,21929.5,78205.25,996.93,250203.68
2023,11,216,80204.25,15941.25,49242.25,9063.48,154451.23
2023,11,218,91995.75,18560.5,34970.5,5150.43,150677.18
2023,11,364,39498.25,6299.5,43174.75,0,88972.5
2023,11,365,103809.2,36814.75,82954.5,14196.41,237774.86
2023,11,367,169045.38,18016.5,83855.51,10306.98,281224.37
2023,11,403,17935.3,4494,33327.75,0,55757.05
2023,11,404,0,0,0,0,0
2023,11,520,37006.15,-918.5,11819.25,0,47906.9
2023,11,536,26820.25,0,5448.5,11950,44218.75
2023,12,113,222059.75,25144.25,54283.5,9676.46,311163.96
2023,12,114,226669.33,14362,117533.25,7330.2,365894.78
2023,12,117,89071.5,32940.25,81426,4411.08,207848.83
2023,12,160,74104.87,18912.75,61894.75,0,154912.37
2023,12,190,0,0,0,0,0
2023,12,215,199265.7,59899.25,69506.13,2120.45,330791.53
2023,12,216,87580.5,10443.25,40939.5,6450.97,145414.22
2023,12,218,97599.75,15495,40530.25,14322.68,167947.68
2023,12,364,78358.71,9817.75,10262.25,575,99013.71
2023,12,365,111445.2,26015.5,80649.5,12655.11,230765.31
2023,12,367,118776.19,14620.75,61266.25,5969.05,200632.24
2023,12,403,51426.58,6267,52879.25,6428.47,117001.3
2023,12,404,19755,0,88,803.12,20646.12
2023,12,520,42296.1,668,7479,0,50443.1
2023,12,536,32164,0,4266,0,36430
2024,1,113,176188.35,34403.5,107850.25,10347.66,328789.76
2024,1,114,199558.39,18619,133886,12059.41,364122.8
2024,1,117,57140,15352,96935,2863.82,172290.82
2024,1,160,78674,4002.75,54046.25,0,136723
2024,1,190,0,0,0,0,0
2024,1,215,142189.77,31142.25,81192.5,14792.81,269317.33
2024,1,216,99369.75,5241,54044,879.23,159533.98
2024,1,218,87440.25,17392.75,27246.75,750.06,132829.81
2024,1,364,59762.75,8109.5,43717.73,4855.43,116445.41
2024,1,365,75319.65,32204.5,70097.75,1707.71,179329.61
2024,1,367,140852.62,19493.25,101365.19,8347.56,270058.62
2024,1,403,33561.5,6041,39005.75,3450.51,82058.76
2024,1,404,4854,0,0,0,4854
2024,1,520,18447.05,619.5,8473.75,0,27540.3
2024,1,536,29286.75,6753,3726.5,334.06,40100.31
2024,2,113,230014.22,38447.75,47734.75,12718.4,328915.12
2024,2,114,223358.73,26059.7,128876.5,14756.92,393051.85
2024,2,117,68344.94,19494.75,106607.5,4891.53,199338.72
2024,2,160,109236,4557.75,58842.5,448.82,173085.07
2024,2,190,0,0,0,0,0
2024,2,215,184998.02,38571.5,91161.75,2005.25,316736.52
2024,2,216,82470,7203,49641.5,12255.3,151569.8
2024,2,218,106172.75,16849.5,33057.5,2374.05,158453.8
2024,2,364,43757.5,20047,27627.5,250,91682
2024,2,365,101168.75,76686.5,81727.25,14192.17,273774.67
2024,2,367,184839.04,31494,78242.51,15951.98,310527.53
2024,2,403,19851.5,1932,21420.25,49,43252.75
2024,2,404,17926.5,1545,0,227.2,19698.7
2024,2,520,38971.3,3540,15318.5,0,57829.8
2024,2,536,42934,265.5,751,4008.06,47958.56
2024,3,113,214769.54,28547,45020.5,6271.02,294608.06
2024,3,114,263497.95,25064.71,121999.25,8186.02,418747.93
2024,3,117,62180.25,22799.75,94782.75,0,179762.75
2024,3,160,150557.75,8894.25,30279,0,189731
2024,3,190,0,0,0,0,0
2024,3,215,207876.45,47038.5,76605.25,8092.4,339612.6
2024,3,216,95906.75,6772.25,41102.25,11177.8,154959.05
2024,3,218,135761.5,23606.5,33444.25,997.05,193809.3
2024,3,364,69440.5,14542.5,31739.5,0,115722.5
2024,3,365,97179.5,16627.25,63810.5,13485.86,191103.11
2024,3,367,170735.93,15048,62032.01,9548.9,257364.84
2024,3,403,54117,6574,34493.5,8703.59,103888.09
2024,3,404,8062,0,384,51.87,8497.87
2024,3,520,34920.5,9735,5908.5,744.58,51308.58
2024,3,536,13011.5,929.25,3344,0,17284.75
2024,4,113,211114.89,26896.25,78291.75,10098.26,326401.15
2024,4,114,217576.21,30045.75,135932.25,5791.59,389345.8
2024,4,117,79021.37,18817.25,118604.25,227.79,216670.66
2024,4,160,119236.25,6948.75,55642.75,0,181827.75
2024,4,190,0,0,0,0,0
2024,4,215,139597.12,37752,68009.75,12606.84,257965.71
2024,4,216,76055.25,12979.5,51315.75,13530.41,153880.91
2024,4,218,108503.5,31737.75,42242.5,2883.49,185367.24
2024,4,364,61722.25,14002,15151.5,0,90875.75
2024,4,365,77176,17854.5,79442.25,7986.46,182459.21
2024,4,367,251467.3,3569.5,52621.39,22588.77,330246.96
2024,4,403,47360.85,8790,30999,4522.1,91671.95
2024,4,404,32698.5,0,1295,276.83,34270.33
2024,4,520,28100.6,2522.25,40171.25,516.79,71310.89
2024,4,536,20890.5,0,3764.5,0,24655
2024,5,113,213800.32,18167,108058.5,47237.02,387262.84
2024,5,114,243722.55,45754.5,116775.43,5679.87,411932.35
2024,5,117,69665.06,15734,94162.5,6174.07,185735.63
2024,5,160,120507.31,5487,44145.25,0,170139.56
2024,5,190,0,0,0,0,0
2024,5,215,140350,55429,78332,937.84,275048.84
2024,5,216,79084.25,16465.25,57827.5,10838.01,164215.01
2024,5,218,81814.75,36872.25,77146.25,3463.58,199296.83
2024,5,364,53707.75,9890.2,30081,0,93678.95
2024,5,365,95844.5,40590,82870.75,7870.59,227175.84
2024,5,367,185274.04,33835.25,75747.98,3642.66,298499.93
2024,5,403,22019.55,4955.5,19579,2622.39,49176.44
2024,5,404,10637,0,1295,116.95,12048.95
2024,5,520,30403,6327.75,27053.25,0,63784
2024,5,536,14102,309.75,11450.5,0,25862.25
2024,6,113,237962.71,39422.5,54646,18372.64,350403.85
2024,6,114,197650.95,20013.5,85103,11469.26,314236.71
2024,6,117,74581,12326.5,85332.5,14071.4,186311.4
2024,6,160,120852.09,7478.25,36519.5,0,164849.84
2024,6,190,0,0,0,0,0
2024,6,215,173919.8,27449.75,83689.25,7130.87,292189.67
2024,6,216,83638.75,9313.25,32919.25,5533.39,131404.64
2024,6,218,117844.25,23718,76803.5,3229.5,221595.25
2024,6,364,48635,17540.97,21456.5,239.15,87871.62
2024,6,365,94898.75,27257,93236.75,15180.98,230573.48
2024,6,367,186742.23,24819,63837.33,1859.71,277258.27
2024,6,403,10760.7,5118,17826.75,198.88,33904.33
2024,6,404,13239.5,0,0,0,13239.5
2024,6,520,37629.05,3584.25,11752.75,444.32,53410.37
2024,6,536,50557.25,0,10339.22,2566.79,63463.26
2024,7,113,226649.14,25059.5,74849,12846.8,339404.44
2024,7,114,236278.3,19944.25,122283.5,43780.9,422286.95
2024,7,117,113709.99,33732.25,81963,128.08,229533.32
2024,7,160,124356.14,10298.25,51228.5,0,185882.89
2024,7,190,0,0,0,0,0
2024,7,215,140072.46,34416,207139,388.54,382016
2024,7,216,110120.25,11225,57285,27453.59,206083.84
2024,7,218,94414.75,26969,65648.5,3676.42,190708.67
2024,7,364,84310.25,8970,53995.55,650,147925.8
2024,7,365,101429,28960.75,59011.25,4785.85,194186.85
2024,7,367,179458,9792.5,93622.44,2070.02,284942.96
2024,7,403,41606.5,21636,36724,7151.54,107118.04
2024,7,404,30198,576,0,611.06,31385.06
2024,7,520,42386.1,12301.5,10843.5,1335.73,66866.83
2024,7,536,41578.25,619.5,4353.33,1958.66,48509.74
2024,8,113,206042.79,25649.25,61339,2242.17,295273.21
2024,8,114,244244.61,32391,98638,6744.09,382017.7
2024,8,117,86626.91,43223,93851.5,8477.13,232178.54
2024,8,160,133371.81,6239.25,59235,0,198846.06
2024,8,190,0,0,0,0,0
2024,8,215,162139.75,30145.5,87838.5,13374.1,293497.85
2024,8,216,102748.1,12524,73805.5,23486.42,212564.02
2024,8,218,94132,35913.25,56528.75,3455.82,190029.82
2024,8,364,90830.28,4415,19224.75,498.84,114968.87
2024,8,365,80254,31951,88602.25,1747.19,202554.44
2024,8,367,244503.95,56059.25,59621.98,5089.76,365274.94
2024,8,403,26556.3,19925,55087.25,3652.85,105221.4
2024,8,404,30633.5,1776,0,0,32409.5
2024,8,520,47078.3,1106.25,16326.5,6236.73,70747.78
2024,8,536,29548,4729,9131.26,217.76,43626.02
2024,9,113,188902.94,29589.5,37166.75,16832.63,272491.82
2024,9,114,258889.92,29691.75,132516.5,16121.49,437219.66
2024,9,117,79673,10350.5,102880.75,538.13,193442.38
2024,9,160,115235.91,5708.25,38210.25,0,159154.41
2024,9,190,0,0,0,0,0
2024,9,215,180464.15,39221.5,60670.75,11018.16,291374.56
2024,9,216,84972.5,9229.25,53352.75,4540.6,152095.1
2024,9,218,119312.5,20819.5,50069.25,1594.5,191795.75
2024,9,364,52197.96,6013,22066.97,1000,81277.93
2024,9,365,115527.75,20859,48597.25,3403.34,188387.34
2024,9,367,152326.12,5276.62,54957.23,4731.19,217291.16
2024,9,403,57984.5,792,28233,12758.42,99767.92
2024,9,404,27625,0,0,14425.84,42050.84
2024,9,520,14110.5,1902.75,9061.75,396.09,25471.09
2024,9,536,22058.52,0,1798.25,237.64,24094.41
2024,10,113,200507.07,24224.5,90899.5,15821.6,331452.67
2024,10,114,342661.78,13558,152454.75,11668.48,520343.01
2024,10,117,71280.16,10342.75,125111.75,1454.43,208189.09
2024,10,160,108190.71,6726,51612.25,0,166528.96
2024,10,190,0,0,0,0,0
2024,10,215,123647.75,65248.5,77805.25,9048.32,275749.82
2024,10,216,84198,28083,74389.25,23631.05,210301.3
2024,10,218,100092,16793.25,65698,3193.03,185776.28
2024,10,364,48825.63,9016,22551.24,-10,80382.87
2024,10,365,146287.69,21343.63,80011,3831.73,251474.05
2024,10,367,156528.85,18877.93,60515.81,3821.57,239744.16
2024,10,403,55357.75,12174.25,52172,3237.54,122941.54
2024,10,404,20226.5,0,1572.5,7314.16,29113.16
2024,10,520,37509.12,1290.75,9073.5,0,47873.37
2024,10,536,60576.91,1283.25,7993.82,7979.12,77833.1
2024,11,113,193071.44,35979.5,67279.75,6953.45,303284.14
2024,11,114,184812.32,34682.25,177350.75,16064.88,412910.2
2024,11,117,42686.08,4313.5,60914.75,459.94,108374.27
2024,11,160,100423.78,10000.25,52548.75,0,162972.78
2024,11,190,0,0,0,0,0
2024,11,215,144052.25,25251.25,50688.75,5893.14,225885.39
2024,11,216,62701.25,7707.75,101225,16309.99,187943.99
2024,11,218,114525,15207,53756,6127.32,189615.32
2024,11,364,44098.75,19371.14,34763.68,0,98233.57
2024,11,365,77176.75,22675.37,50897.25,4561.46,155310.83
2024,11,367,122568.3,32146.25,69628.49,2286.39,226629.43
2024,11,403,27793.75,3009,32900.25,3346.05,67049.05
2024,11,404,18206.25,0,0,253.78,18460.03
2024,11,520,22949,884.5,18659.13,452.87,42945.5
2024,11,536,25646.5,1504.5,10544.86,3326.19,41022.05
2024,12,113,195049.49,23529.5,50729,17660.48,286968.47
2024,12,114,324892.07,33773.25,128085.25,46184.11,532934.68
2024,12,117,110804.08,7227.25,63676.75,5576.35,187284.43
2024,12,160,129470.93,9779.25,53624.25,0,192874.43
2024,12,190,0,0,0,0,0
2024,12,215,86745,49330.75,164752.25,10910.08,311738.08
2024,12,216,117573.65,11902.5,70795.5,9127.55,209399.2
2024,12,218,134481.75,36842,63832.25,20147.69,255303.69
2024,12,364,49810.19,12499.5,58156.25,882.93,121348.87
2024,12,365,115285.75,13327.2,69530.5,1813.66,199957.11
2024,12,367,161119.14,48005.75,100913,12598.34,322636.23
2024,12,403,33333.75,1152,17159,10818.2,62462.95
2024,12,404,4529,0,0,0,4529
2024,12,520,36338.25,9115.5,24049.5,812.2,70315.45
2024,12,536,45640.75,3761.25,6698,988.43,57088.43
2025,1,113,201760.95,17614.75,40796.25,11655.72,271827.67
2025,1,114,195422.27,24978,135429.5,12486.12,368315.89
2025,1,117,50321.33,3065.88,57227.5,0,110614.71
2025,1,160,110958.67,11040,61562.08,0,183560.75
2025,1,190,0,0,0,0,0
2025,1,215,140722.31,35505,86025.25,2135.48,264388.04
2025,1,216,56388.9,7821.25,45599.5,2100.21,111909.86
2025,1,218,50205,28161.5,31945.5,7741.33,118053.33
2025,1,364,47924.38,6049,17687.2,685,72345.58
2025,1,365,53588.71,14385,47715.25,2133.04,117822
2025,1,367,154062.26,35132.38,125349.28,3052.53,317596.45
2025,1,403,27944.05,480,43320.5,2365.84,74110.39
2025,1,404,12985.5,3676,0,2109.71,18771.21
2025,1,520,15607.5,990,21571.88,0,38169.38
2025,1,536,20643.75,883.5,37849.68,246.98,59623.91
2025,2,113,203749.38,28262,50593,24024.25,306628.63
2025,2,114,252282.26,27730,104939,12717.78,397669.04
2025,2,117,120469,0,69392.25,1673.6,191534.85
2025,2,160,130658.72,11920,66665.25,0,209243.97
2025,2,190,0,0,0,0,0
2025,2,215,144028.3,39771.5,77173,4275.69,265248.49
2025,2,216,83690.88,6236.5,67896.5,27071.05,184894.93
2025,2,218,113572.39,12250.5,91294,1587.11,218704
2025,2,364,30824.97,10271.5,15490.75,0,56587.22
2025,2,365,114501.24,37318.44,68395.75,6560.34,226775.77
2025,2,367,206320.06,28877.25,120581,8147.14,363925.45
2025,2,403,42162.04,1338,30280.5,2098,75878.54
2025,2,404,27300,0,0,677.77,27977.77
2025,2,520,45580.5,4005.5,11899,731.56,62216.56
2025,2,536,31976.1,3069,8471,0,43516.1
2025,3,113,209695.45,26641.5,94871.25,6533.57,337741.77
2025,3,114,268201.38,48921.58,130575.5,5340.5,453038.96
2025,3,117,81887.31,7533,94666.25,5291.57,189378.13
2025,3,160,137971.98,14887.5,58172.75,0,211032.23
2025,3,190,0,0,0,0,0
2025,3,215,141423.2,79272.25,157967.75,2348.77,381011.97
2025,3,216,109064.25,15789,80809.5,4783.39,210446.14
2025,3,218,120474.5,28923.5,80171.5,11169.33,240738.83
2025,3,364,48586.24,2769.5,17385.25,0,68740.99
2025,3,365,103116,21812.75,40639,26877.28,192445.03
2025,3,367,243377.85,24107,55693.5,962.74,324141.09
2025,3,403,61644.54,4344.5,29945,488.85,96422.89
2025,3,404,4893.5,1818,0,0,6711.5
2025,3,520,33397,5533.5,34059,2484.17,75473.67
2025,3,536,45186.1,1953,6107,1170,54416.1
2025,4,113,240034.77,41960,87825,63244.41,433064.18
2025,4,114,270530.3,36971,152750,24202.24,484453.54
2025,4,117,94805.5,1785.5,80747.5,394.77,177733.27
2025,4,160,135112.97,19536,58488,0,213136.97
2025,4,190,0,0,0,0,0
2025,4,215,212805.42,26839.5,84723.25,29323.96,353692.13
2025,4,216,145981.25,13740.5,59804.25,6122.22,225648.22
2025,4,218,78867,12142.5,49480.5,4442.92,144932.92
2025,4,364,86416,10072.75,33945.25,0,130434
2025,4,365,90686,21422.25,49140.75,3624.06,164873.06
2025,4,367,188493.25,54215,69235,13139.49,325082.74
2025,4,403,35111,353.5,26340.75,7189.92,68995.17
2025,4,404,18579.5,2020,0,458.26,21057.76
2025,4,520,40343.75,2604,20917,0,63864.75
2025,4,536,23360.5,1302,11178.5,0,35841
2025,5,113,287508.05,33162,86865,6127.61,413662.66
2025,5,114,214808.05,33349.5,160120.56,40752.31,449030.42
2025,5,117,83970.25,2224,90810.25,644.92,177649.42
2025,5,160,166594.11,6510,56145.24,0,229249.35
2025,5,190,0,0,0,0,0
2025,5,215,165626.57,50093.5,106010.5,8321.62,330052.19
2025,5,216,141270.25,10051,42966.5,10828.13,205115.88
2025,5,218,128756.5,21459,70476.5,4712.5,225404.5
2025,5,364,38454.5,19091,29156.75,525,87227.25
2025,5,365,90956,12704.75,62713.75,6014.09,172388.59
2025,5,367,173908.09,23714,57708,1731.33,257061.42
2025,5,403,87719.75,1072.5,34847.5,12716.28,136356.03
2025,5,404,10037,3686.5,0,1400.28,15123.78
2025,5,520,47619.25,5812.5,16803,40.62,70275.37
2025,5,536,44305.55,186,5721.26,114.77,50327.58
2025,6,113,279661.13,29274,53566.5,5600.7,368102.33
2025,6,114,247207.61,37862.6,145751,26533.52,457354.73
2025,6,117,58559.71,2479,71744.25,4155.5,136938.46
2025,6,160,123161.05,11671.5,87824.25,583.33,223240.13
2025,6,190,0,0,0,0,0
2025,6,215,178427.58,53245,89905.5,3180.48,324758.56
2025,6,216,103393.75,9994.16,93776.5,13940.21,221104.62
2025,6,218,111042.33,37427,69765.16,911.22,219145.71
2025,6,364,41714.75,13490.5,36154,0,91359.25
2025,6,365,72030.25,13183.5,68703,2290.84,156207.59
2025,6,367,269234.64,43591.64,62442.75,13782.04,389051.07
2025,6,403,800.29,0,-151.5,1067.22,1716.01
2025,6,404,0,0,0,0,0
2025,6,520,27104,9505.5,17593.25,1123.97,55326.72
2025,6,536,18441,5719.5,9825.5,2648,36634
2025,7,113,293464.57,32856.5,65816.5,10130.45,402268.02
2025,7,114,285245.87,34632.5,113607.5,29295.95,462781.82
2025,7,117,82927.88,10674.5,96461.13,2073.39,192136.9
2025,7,160,154276.65,13206,40521.5,0,208004.15
2025,7,190,0,0,0,0,0
2025,7,215,150572.34,58019,106203.5,2211.72,317006.56
2025,7,216,153803,18692,58949.25,13725.69,245169.94
2025,7,218,117449.5,42487,61358,6243.11,227537.61
2025,7,364,67790.88,8595,37937.75,11582.52,125906.15
2025,7,365,114200.75,20536.75,55784.75,7923.33,198445.58
2025,7,367,196607.54,34127.5,74688.75,8368.63,313792.42
2025,7,403,0,0,0,0,0
2025,7,404,0,0,0,0,0
2025,7,520,51269.25,1116,42011.26,155.83,94552.34
2025,7,536,28118.53,1441.5,6596.5,15625.19,51781.72
2025,8,113,253611.32,49949,69756.75,25542.21,398859.28
2025,8,114,239705.47,38575.75,133397.75,9793.37,421472.34
2025,8,117,51810.76,13228,109428.13,6704.6,181171.49
2025,8,160,120982.84,11532,65182.75,0,197697.59
2025,8,190,0,0,0,0,0
2025,8,215,155292.63,54464,62368.75,3275.25,275400.63
2025,8,216,146350.75,8430,75752,27784.27,258317.02
2025,8,218,147524.5,16763.75,41902,13399.61,219589.86
2025,8,364,70982.75,6622.5,24079.25,348.89,102033.39
2025,8,365,83583.25,19076.5,80522.25,4582.96,187764.96
2025,8,367,203318.94,21832,51737.25,101.84,276990.03
2025,8,403,0,0,0,0,0
2025,8,520,50781.5,1162.5,28419,395.45,80758.45
2025,8,536,35936.81,2173,8159,1836.46,48105.27
2025,9,113,213151.18,21836,105624,13099.95,353711.13
2025,9,114,275406.27,17809.5,101479.5,47689.62,442384.89
2025,9,117,67535.19,24983.25,111867.75,2940.53,207326.72
2025,9,160,130160.65,12322.5,40294.75,0,182777.9
2025,9,190,0,0,0,0,0
2025,9,215,246873,34602,74489,8385.65,364349.65
2025,9,216,170691,42465,56119.5,10472.15,279747.65
2025,9,218,104881.5,23207,52206.83,497.01,180792.34
2025,9,364,78068.8,6145,22887,17020.23,124121.03
2025,9,365,110757.5,15566.5,54731.75,2754.9,183810.65
2025,9,367,214042.09,59672.5,63240.5,6454.96,343410.05
2025,9,403,0,0,0,0,0
2025,9,520,35774.08,0,29629.05,6980.25,72383.38
2025,9,536,43154.25,8556,7080.75,7068.91,65859.91
