Year,Period,Branch,RF Revenue,RPO Revenue,Re-Rent Revenue,Loaner Revenue,Loaner Internal,Used Revenue,Total Rental
2019,1,113,86335,31113,0,0,0,26931.99,144796.66
2019,1,114,125215,20415,0,0,0,15569.66,200244.66
2019,1,117,29850,24000,0,0,0,26200,80050
2019,1,160,42916.66,6608.34,0,0,0,120533.34,197808.34
2019,1,190,-8000,85000,0,0,0,8500,85500
2019,1,215,18000,0,0,0,0,12876.66,39567.66
2019,1,216,27550,0,0,0,0,-4550,33500
2019,1,218,129713.59,0,0,0,0,169861.41,355275
2019,1,364,24850,0,0,0,0,69650,108800
2019,1,365,152737,7500,28000,0,0,119458.32,347901.32
2019,1,366,0,0,0,0,0,0,0
2019,1,367,147959.41,9000,0,0,0,103924.98,270134.39
2019,1,401,0,0,0,0,0,21271.52,21271.52
2019,1,403,0,0,0,0,0,6750,6750
2019,1,404,0,11850,28000,0,0,47733.33,87583.33
2019,1,520,55546.66,0,0,0,0,52160,107706.66
2019,1,536,0,0,0,0,0,0,0
2019,2,113,64158.33,29708,0,0,0,49857.01,170090
2019,2,114,99968,28820,0,0,0,29050,191208
2019,2,117,29775,24000,0,0,0,10000,63775
2019,2,160,62945,8825,0,0,0,64950,153470
2019,2,190,6500,42500,0,0,0,0,49000
2019,2,215,4466.66,0,0,0,0,14650,27807.66
2019,2,216,23000,0,0,0,0,0,33500
2019,2,218,155366.66,8550,0,0,0,130900,329216.66
2019,2,364,46933.32,0,0,0,0,45110,110893.32
2019,2,365,178462,-22500,18000,0,0,95377.66,309295.66
2019,2,366,0,0,0,0,0,0,0
2019,2,367,82913,0,0,0,0,133729.16,219392.16
2019,2,401,0,0,0,0,0,21862.16,21862.16
2019,2,403,0,0,0,0,0,7575,7575
2019,2,404,0,3950,14000,0,0,56500,74450
2019,2,520,34195,0,0,0,0,11924.99,46119.99
2019,2,536,14600,0,0,0,0,10500,35600
2019,3,113,94725,33958,0,0,0,118385.01,271068.01
2019,3,114,67410,52620,0,0,0,111338,303068
2019,3,117,20275,24000,0,0,0,17150,73825
2019,3,160,27295,2175,8695,0,0,83575,134490
2019,3,190,6500,42500,0,0,0,7250,56250
2019,3,215,12500,0,0,0,0,13400,34591
2019,3,216,17200,25000,0,0,0,30525,83225
2019,3,218,195850,8550,0,0,0,155850,377250
2019,3,364,32550,9000,0,0,0,88777.5,158577.5
2019,3,365,201295.32,0,18000,0,0,80725,355676.32
2019,3,366,0,0,0,0,0,0,0
2019,3,367,61718.33,0,0,0,0,52883.32,117351.65
2019,3,401,0,8250,0,0,0,27034,35284
2019,3,403,0,0,0,0,0,12075,12075
2019,3,404,0,0,-32666.67,0,0,38083.3,5416.63
2019,3,520,34195,7200,0,0,0,11200,52595
2019,3,536,6200,0,0,0,0,14070,30770
2019,4,113,136734.66,43958,0,0,0,99940.34,290476.33
2019,4,114,123876.66,36420,0,0,0,122402.32,342283.98
2019,4,117,14241.66,24000,0,0,0,26895,77536.66
2019,4,160,78070,9250,8695,0,0,72275,168290
2019,4,190,86500,42500,0,0,0,60250,189250
2019,4,215,22500,0,0,0,0,3400,17209
2019,4,216,23666.66,35000,0,0,0,0,69166.66
2019,4,218,144823.66,34300,0,0,0,114916.66,324623.32
2019,4,364,47250,28500,0,0,0,45110,141610
2019,4,365,230618,0,18000,0,0,67600,380874
2019,4,366,0,0,0,0,0,0,0
2019,4,367,81234.98,5485,0,0,0,94233.34,183703.32
2019,4,401,0,8250,0,0,0,21534,29784
2019,4,403,0,0,0,0,0,7575,7575
2019,4,404,0,6700,0,0,0,21183.32,27883.32
2019,4,520,49603.64,7200,0,0,0,8800,65603.64
2019,4,536,8000,0,0,0,0,0,11570
2019,5,113,174998,73158,0,0,0,67687.82,327353.82
2019,5,114,134545,43310,0,0,0,96655.66,338210.66
2019,5,117,15750,36000,0,0,0,28300,92450
2019,5,160,88605,24425,8695,0,9627.5,-9750.01,121602.49
2019,5,190,46500,42500,0,0,0,57500,146500
2019,5,215,54250,0,0,0,0,14900,69150
2019,5,216,25000,45000,0,0,0,100500,191500
2019,5,218,145559,34000,0,0,0,65892,241201
2019,5,364,35616.66,18750,0,0,0,56360,131476.66
2019,5,365,331394.14,14400,27000,0,0,89464.97,545265.11
2019,5,366,0,0,0,0,0,0,0
2019,5,367,107810,5485,0,0,0,49233.33,181128.33
2019,5,401,750,8250,0,0,0,33534,42534
2019,5,403,0,0,0,0,0,8325,8325
2019,5,404,0,14700,0,0,0,19650,34350
2019,5,520,28670,7200,0,0,0,27125,71545
2019,5,536,13400,0,0,0,0,0,20765
2019,6,113,138339.66,31532,0,0,0,45352.22,235183.88
2019,6,114,140953.32,29530,0,0,0,100713,322996.32
2019,6,117,24300,-12000,0,0,0,27316.66,52016.66
2019,6,160,57695,24425,8695,0,2750,4979.17,98544.17
2019,6,190,54500,42500,0,0,0,40750,137750
2019,6,215,87500,0,0,0,0,59300,146800
2019,6,216,33550,35000,0,0,0,71265,150315
2019,6,218,109296,34000,0,0,1929.69,67345.82,212571.51
2019,6,364,56050,23500,0,0,0,31360,131660
2019,6,365,232889.64,7200,18000,0,0,54942.67,361236.31
2019,6,366,0,0,0,0,0,0,0
2019,6,367,91710,-5485,0,0,50,66713.13,155738.13
2019,6,401,5100,44250,0,0,0,73734,123084
2019,6,403,0,0,0,0,0,21825,21825
2019,6,404,0,6700,0,0,0,43349.98,50049.98
2019,6,520,27320,2400,0,0,0,1975,40245
2019,6,536,8000,9050,0,0,0,-3500,11095
2019,7,113,94409.99,51625,0,0,0,28647.6,185825.92
2019,7,114,138073.33,60110,0,0,14274.94,176371,458429.27
2019,7,117,15750,0,0,0,0,15600,43750
2019,7,160,55645,27425,8695,0,0,12375,104140
2019,7,190,-105500,42500,0,0,0,3250,-59750
2019,7,215,99933.32,0,0,0,0,16650,116583.32
2019,7,216,900,35000,0,0,0,9000,55400
2019,7,218,128709.47,34000,0,0,27327.82,97034.47,287071.76
2019,7,364,77000,32500,0,0,0,51360,181610
2019,7,365,324224.21,7200,15000,0,2453.75,44333.32,446729.94
2019,7,366,0,0,0,0,0,0,0
2019,7,367,51294.46,0,0,0,10104.87,69882.18,134031.51
2019,7,401,30800,8250,0,0,0,91334,139884
2019,7,403,0,5000,0,0,0,52075,57075
2019,7,404,6000,-20100,0,0,0,84566.66,70466.66
2019,7,520,60161.66,0,0,0,0,87765,165026.66
2019,7,536,8000,14300,0,0,0,0,22300
2019,8,113,92423,21100,0,0,10926.57,38785.34,171594.91
2019,8,114,122850,63070,0,0,6422.14,201953,449295.14
2019,8,117,24250,0,0,0,8500,11466.66,52483.33
2019,8,160,21708.32,34300,0,0,29165.63,15075,100248.95
2019,8,190,21000,42500,0,0,0,43250,106750
2019,8,215,76000,0,0,0,0,3400,79400
2019,8,216,0,35000,0,0,0,9000,54500
2019,8,218,37041.66,55100,0,0,8279.69,161843.96,262265.31
2019,8,364,80370,30925,0,0,5110,52840,189995
2019,8,365,217620.95,7200,9000,0,0,150884.33,468810.46
2019,8,366,0,0,0,0,0,0,0
2019,8,367,63400,0,0,0,2468.75,115316.67,183935.42
2019,8,401,17950,0,0,0,0,21184,48634
2019,8,403,0,40200,0,0,0,47300,87500
2019,8,404,0,7900,0,0,0,95933.32,103833.32
2019,8,520,29931.66,0,0,0,0,65125,103606.66
2019,8,536,2666.66,12850,0,0,0,17450,32966.66
2019,9,113,79136,-60500,0,0,0,82278.96,117634.96
2019,9,114,178059.98,77320,0,0,229.74,117283.01,429392.73
2019,9,117,24250,0,0,0,0,3200,27450
2019,9,160,33125,44725,0,0,0,15075,92925
2019,9,190,22500,42500,0,0,0,63250,128250
2019,9,215,55550,0,9500,0,0,13000,78050
2019,9,216,8550,0,0,0,3718.75,9000,31768.75
2019,9,218,124783.32,64100,0,0,0,73650,262533.32
2019,9,364,63900,30925,0,0,0,58060,173635
2019,9,365,211590,14400,9000,0,0,83015.41,355265.41
2019,9,366,0,0,0,0,0,0,0
2019,9,367,115703.67,0,0,0,18134.38,107290.08,243878.13
2019,9,401,5033.32,0,0,0,0,25134,34917.32
2019,9,403,0,24300,0,0,0,34966.66,59266.66
2019,9,404,0,3950,0,0,0,111150,115100
2019,9,520,24943.32,0,7410.24,0,0,27991.66,68895.22
2019,9,536,0,9050,0,0,0,30550,39600
2019,10,113,142879.83,24000,0,0,7782.82,41092.66,224115.31
2019,10,114,231651,109780,0,0,1271.88,178468,576596.88
2019,10,117,21866.66,0,0,0,0,12066.66,33933.32
2019,10,160,43780,39125,0,0,0,25925,108830
2019,10,190,38500,42500,0,0,0,15749.97,96749.97
2019,10,215,116600,0,9500,0,0,17450,143550
2019,10,216,33581.25,0,0,0,2156.25,9000,44737.5
2019,10,218,73108.33,66433.33,0,0,27657.81,74100,241299.47
2019,10,364,34133.33,26175,0,0,0,9616.66,78174.99
2019,10,365,239966,-7200,9000,0,0,31425,334160.5
2019,10,366,0,0,0,0,0,0,0
2019,10,367,78719.16,0,0,0,50935.94,99536.55,254535.4
2019,10,401,11800,0,0,0,0,32533.99,44333.99
2019,10,403,0,29400,0,0,0,109550,138950
2019,10,404,0,3950,0,0,0,152433.33,156383.33
2019,10,520,17426.66,26000,0,0,0,41895,85321.66
2019,10,536,2613.33,9050,0,0,0,18875,34003.33
2019,11,113,83892.33,-21300,0,0,0,28795,88708.33
2019,11,114,180785.31,54863.32,0,0,15897.04,156939.66,381885.33
2019,11,117,23100,0,0,0,33343.75,18046.88,74490.63
2019,11,160,61646.66,32575,0,0,0,17425,111646.66
2019,11,190,22500,42500,0,0,0,-3000,62000
2019,11,215,7583.33,0,-6333.34,0,0,-19058.34,-17808.35
2019,11,216,19050,0,0,0,0,9000,28050
2019,11,218,129958.32,64100,0,0,0,-1583.34,192474.98
2019,11,364,47850,23700,0,0,21723.44,27950,129473.44
2019,11,365,203500,0,9000,0,16694.29,42225,278135.95
2019,11,366,0,0,0,0,0,0,0
2019,11,367,114400,0,0,0,6918.75,70550,191868.75
2019,11,401,-100,0,0,0,0,16934,16834
2019,11,403,0,10900,0,0,0,-8550.01,2349.99
2019,11,404,6700,3950,0,0,0,-40663.77,-30013.77
2019,11,520,6910,63700,0,0,0,40125,110735
2019,11,536,0,3800,0,0,0,34975,38775
2019,12,113,76195,-7800,0,0,296.88,44196.66,112888.54
2019,12,114,79777.31,-90,0,0,0,96134.66,175821.97
2019,12,117,22200,0,0,0,0,5500,27700
2019,12,160,34380,-2425,0,0,0,34850,66805
2019,12,190,678191.26,-83863.34,0,0,-60375.82,-469952.1,64000
2019,12,215,3100,0,0,0,0,0,3100
2019,12,216,15000,0,0,0,0,18500,33500
2019,12,218,88574.98,4250,0,0,0,69333.33,162158.31
2019,12,364,32350,0,0,0,5138,65777.86,111515.86
2019,12,365,118475,0,9000,0,6609.38,101458,235542.38
2019,12,366,0,0,0,0,0,0,0
2019,12,367,23750,0,0,0,0,132885.63,156635.63
2019,12,401,0,14000,0,0,0,2234,16234
2019,12,403,0,16000,0,0,0,1416.66,17416.66
2019,12,404,3350,3950,0,0,0,9333.32,16633.32
2019,12,520,0,37700,0,0,500,1918.32,40118.32
2019,12,536,0,-3800,0,0,0,27975,24175
2020,1,113,121145,2200,0,0,0,41380,164725
2020,1,114,110312,23450,0,0,85.94,93986.32,227834.26
2020,1,117,51000,0,0,0,0,-4700,46300
2020,1,160,36955,16950,0,0,3750,11250,68905
2020,1,190,25000,85000,0,0,0,25500,135500
2020,1,215,2700,0,0,0,32355.99,0,35055.99
2020,1,216,15000,54100,0,0,0,3000,72100
2020,1,218,218374.99,30100,0,0,53305.01,36266,338046
2020,1,364,26950,0,0,0,16500,9530.88,52980.88
2020,1,365,199096.66,0,9000,0,36325.16,12983.33,257405.15
2020,1,366,0,0,0,0,0,0,0
2020,1,367,58050,0,0,0,82590.65,40491.66,181132.31
2020,1,401,0,7000,0,0,0,2234,9234
2020,1,403,0,16000,0,0,0,9215,25215
2020,1,404,-1116.67,3950,0,0,0,55100,57933.33
2020,1,520,25185,33315,0,0,0,0,58500
2020,1,536,0,0,0,0,0,38075,38075
2020,2,113,114937,2200,0,0,11460.63,37880,166477.63
2020,2,114,85895.32,-2600,33100,0,0,71297.57,187692.89
2020,2,117,41800,0,0,0,0,0,41800
2020,2,160,41855,16950,0,0,13307.81,11250,83362.81
2020,2,190,77500,42500,0,0,0,36000,156000
2020,2,215,-3433.34,0,0,0,0,0,-3433.34
2020,2,216,24500,79100,0,0,6438,6562.5,116600.5
2020,2,218,229225,30100,0,0,29455.66,40800,329580.66
2020,2,364,44300,0,0,0,15764.06,58725,118789.06
2020,2,365,144713.99,0,9000,0,2526.44,9550,165790.43
2020,2,366,0,0,0,0,0,0,0
2020,2,367,69366.66,0,0,0,48501.58,92700,210568.24
2020,2,401,0,7000,0,0,0,3884,10884
2020,2,403,0,16000,0,0,0,15215,31215
2020,2,404,0,7900,0,0,0,89350,97250
2020,2,520,8785,33315,0,0,0,0,42100
2020,2,536,0,0,0,0,0,-4775.02,-4775.02
2020,3,113,146549.66,31960,0,0,0,104527.47,283037.13
2020,3,114,91437,13950,21600,0,379.62,84380.67,211747.29
2020,3,117,49450,53800,0,0,0,10200,113450
2020,3,160,32721.66,950,0,0,0,29750,63421.66
2020,3,190,67000,42500,0,0,0,40500,150000
2020,3,215,0,0,0,0,0,0,0
2020,3,216,42000,133200,0,0,0,22400,197600
2020,3,218,201927.34,38650,0,0,7125,33400,281102.34
2020,3,364,41033.33,0,0,0,2250,79512.14,122795.47
2020,3,365,142335,0,9000,0,9178.13,5925,166438.13
2020,3,366,0,0,0,0,0,0,0
2020,3,367,66628,0,0,0,19721.73,81866.66,168216.39
2020,3,401,0,7000,0,0,0,5534,12534
2020,3,403,0,-8000,0,0,0,6000,-2000
2020,3,404,0,3950,0,0,0,56866.66,60816.66
2020,3,520,12845,33315,0,0,0,6250,52410
2020,3,536,0,0,0,0,2062.5,13540,15602.5
2020,4,113,137588,12750,0,0,0,141309.5,291647.5
2020,4,114,118967,28950,33100,0,2856,112420,296293
2020,4,117,58550,40350,0,0,0,5100,104000
2020,4,160,8148.33,3400,0,0,0,9825,21373.33
2020,4,190,67000,42500,0,0,0,25500,135000
2020,4,215,0,0,0,0,0,0,0
2020,4,216,63000,129100,0,0,0,10500,202600
2020,4,218,192225,4250,0,0,22441.88,50900,269816.88
2020,4,364,62050,0,0,0,1125,63546.37,126721.37
2020,4,365,152735,8550,-9000,0,12909.38,14925,180119.38
2020,4,366,0,0,0,0,0,0,0
2020,4,367,97900,0,0,0,17203.13,56900,172003.13
2020,4,401,0,0,0,0,0,4434,4434
2020,4,403,0,-24000,0,0,0,6000,-18000
2020,4,404,0,3950,0,0,1134.54,43198.54,48283.08
2020,4,520,44825,33315,0,0,0,10975,89115
2020,4,536,44028.32,0,0,0,0,89930,133958.32
2020,5,113,114888,10550,0,0,3320.31,52631.75,181390.06
2020,5,114,99772,31495,72290,0,9540.76,103927.98,317025.74
2020,5,117,24725,40350,0,0,0,-1700,63375
2020,5,160,18555,18450,0,0,0,41400,78405
2020,5,190,109000,42500,0,0,0,36000,187500
2020,5,215,0,0,0,0,0,0,0
2020,5,216,0,116800,0,0,9707.54,10500,137007.54
2020,5,218,175558.32,11150,0,0,10744.47,36466.66,233919.45
2020,5,364,50483.33,0,0,0,24425,43111.95,118020.28
2020,5,365,162040,18100,0,0,430.63,15425,195995.63
2020,5,366,0,0,0,0,0,0,0
2020,5,367,118050,0,0,0,17724.89,130100,265874.89
2020,5,401,500,0,0,0,0,7384,7884
2020,5,403,0,0,0,0,0,14400,14400
2020,5,404,0,3950,0,0,0,6481.32,10431.32
2020,5,520,32153.33,33315,0,0,0,4725,70193.33
2020,5,536,26240.88,0,0,0,0,19514.35,45755.23
2020,6,113,137001.33,46270,0,0,2749.38,37654.9,223675.61
2020,6,114,211455,78995,16985,0,1325,101338.32,410098.32
2020,6,117,28791.66,40350,0,0,0,0,69141.66
2020,6,160,28450,5950,0,0,0,39825,74225
2020,6,190,126000,42500,0,0,0,-35000,133500
2020,6,215,0,0,0,0,0,0,0
2020,6,216,0,112500,0,0,0,15259.23,127759.23
2020,6,218,142875,8550,0,0,9203.13,21300,181928.13
2020,6,364,72250,0,0,0,2925,66580.17,141755.17
2020,6,365,129645,36200,0,0,0,11925,177770
2020,6,366,0,0,0,0,0,0,0
2020,6,367,115983.33,0,0,0,19593.19,95749.99,231326.51
2020,6,401,0,0,0,0,0,53004,53004
2020,6,403,7500,0,0,0,0,11400,18900
2020,6,404,0,3950,0,0,0,24133.32,28083.32
2020,6,520,16308.33,33505,0,0,2385.36,0,52198.69
2020,6,536,0,0,0,0,0,51850,51850
2020,7,113,163858.79,30810,0,0,0,38765.18,233433.97
2020,7,114,188085.91,64578.34,16985,0,1795.05,77413.99,348858.29
2020,7,117,30975,40350,0,0,0,9590,80915
2020,7,160,41295,13450,0,0,13059.53,53094.99,120899.52
2020,7,190,111500,42500,0,0,0,31500,185500
2020,7,215,9500,0,0,0,0,0,9500
2020,7,216,27400,212500,0,0,1875,10500,252275
2020,7,218,52308.31,8550,0,0,6768.56,35941.66,103568.53
2020,7,364,83800,0,0,0,31312.2,12982.01,128094.21
2020,7,365,181950,18100,0,0,0,3775,203825
2020,7,366,0,0,0,0,0,0,0
2020,7,367,80549.98,0,0,0,0,77258,157807.98
2020,7,401,0,0,0,0,0,36567.34,36567.34
2020,7,403,2300,0,7800,0,0,-6600,3500
2020,7,404,3700,3950,0,0,0,550,8200
2020,7,520,27608.32,22960,0,0,0,2600,53168.32
2020,7,536,0,0,0,0,0,27825,27825
2020,8,113,150196.83,26210,0,0,0,21905,198311.83
2020,8,114,217052.63,85445,21600,0,0,105586,429683.63
2020,8,117,17600,40350,0,0,0,-2613.34,55336.66
2020,8,160,32145,13450,0,0,412.5,7970.82,53978.32
2020,8,190,101000,42500,0,0,0,-63000,80500
2020,8,215,19000,0,0,0,0,0,19000
2020,8,216,43600,337500,0,0,42000,44307.62,467407.62
2020,8,218,114730,17100,0,0,0,36450,168280
2020,8,364,58716.66,0,0,0,35512.5,18372.24,112601.4
2020,8,365,111685,8550,0,0,13776.25,25925,159936.25
2020,8,367,114866.66,0,0,0,10154.25,139596,264616.91
2020,8,401,0,0,0,0,0,19910.56,19910.56
2020,8,403,3600,0,3900,0,0,5400,12900
2020,8,404,3700,0,0,0,0,5600,9300
2020,8,520,19975,26000,0,0,0,-66.67,45908.33
2020,8,536,0,0,0,0,0,-2175,-2175
2020,9,113,139029.16,17280,0,0,7496.63,-1737.06,162068.73
2020,9,114,199512,25670,21600,0,200,93165,340147
2020,9,117,16558.32,40350,0,0,0,0,56908.32
2020,9,160,12395,15950,0,0,0,28125,56470
2020,9,190,80000,42500,0,0,0,21000,143500
2020,9,215,42666.66,0,0,0,0,0,42666.66
2020,9,216,36793.75,312500,0,0,21000,40880,411173.75
2020,9,218,177155,8550,0,0,0,66400,252105
2020,9,364,55450,0,0,0,0,22912.2,78362.2
2020,9,365,114577,8550,0,0,0,17521,140648
2020,9,366,0,0,0,0,0,0,0
2020,9,367,151000,0,0,0,0,93275,244275
2020,9,401,0,0,0,0,0,7484,7484
2020,9,403,3600,0,3900,0,0,13500,21000
2020,9,404,-2466.68,0,0,0,0,19666.66,17199.98
2020,9,520,24975,26000,0,0,0,3250,54225
2020,9,536,0,0,0,0,0,12825,12825
2020,10,113,144540.47,8350,0,0,0,80135.82,233026.29
2020,10,114,214033.66,56620,43200,0,0,151919.32,465772.98
2020,10,117,27708.33,53800,0,0,0,2950,84458.33
2020,10,160,30645,3100,0,0,0,11858.32,45603.32
2020,10,190,59000,42500,0,0,0,-21000,80500
2020,10,215,29000,0,0,0,0,0,29000
2020,10,216,83400,200000,0,0,21000,28560,332960
2020,10,218,189780,8550,0,0,2750,82250,283330
2020,10,364,49540,0,0,0,43948.75,12821.43,106310.18
2020,10,365,113489.67,12800,0,0,25084.69,19955,171329.36
2020,10,366,0,0,0,0,0,0,0
2020,10,367,133866.66,0,0,0,6359.38,127350,267576.04
2020,10,401,0,0,0,0,0,2234,2234
2020,10,403,3600,0,3900,0,0,3347.64,10847.64
2020,10,404,0,0,0,0,0,6916.67,6916.67
2020,10,520,68750,52000,0,0,0,16700,137450
2020,10,536,0,0,0,0,0,43921.24,43921.24
2020,11,113,130101.66,8350,0,0,0,32708.34,171160
2020,11,114,179037.33,1175,9000,0,0,154983.32,344195.65
2020,11,117,24225,40350,0,0,0,4533.32,69108.32
2020,11,160,30645,10000,0,0,5000,20075,65720
2020,11,190,27500,42500,0,0,0,-126000,-56000
2020,11,215,28000,0,0,0,0,39006.66,67006.66
2020,11,216,29200,175000,0,0,24093.75,-2090,226203.75
2020,11,218,162930,8550,0,0,0,68335.3,239815.3
2020,11,364,79100,0,0,0,0,13361.39,92461.39
2020,11,365,93175,12800,0,0,0,24225,130200
2020,11,366,0,0,0,0,0,0,0
2020,11,367,94450.22,0,0,0,0,84275,178725.22
2020,11,401,0,0,0,0,0,1100,1100
2020,11,403,1200,0,3900,0,0,3215,8315
2020,11,404,0,0,0,0,0,11843,11843
2020,11,520,92325,26000,0,0,0,-2100,116225
2020,11,536,8250,0,0,0,0,-12500,-4250
2020,12,113,97761.66,-14300,0,0,17021.88,15555,116038.54
2020,12,114,139158.66,7475,19800,0,20439.84,143884.98,330758.48
2020,12,117,-9500,40350,0,0,0,8300,39150
2020,12,160,16798.32,-10000,0,0,0,-48475,-41676.68
2020,12,190,558590.91,-753930,0,0,-212293.92,-223366.99,-631000
2020,12,215,0,0,0,0,4249.9,20100,24349.9
2020,12,216,33600,237500,0,0,31531.26,21700,324331.26
2020,12,218,147180,8550,0,0,1562.5,32169.7,189462.2
2020,12,364,68416.67,0,0,0,36100,7750,112266.67
2020,12,365,119946,5716.66,0,0,57487.5,11170.32,194320.48
2020,12,366,0,0,0,0,0,0,0
2020,12,367,60150,0,0,0,45512.5,69334.66,174997.16
2020,12,401,0,0,0,0,0,1100,1100
2020,12,402,0,0,0,0,0,0,0
2020,12,403,0,0,-3900,0,0,6430,2530
2020,12,404,0,0,7400,0,0,9717.33,17117.33
2020,12,520,101008.32,26000,0,0,0,3900,130908.32
2020,12,536,-2750,0,0,0,0,0,-2750
2021,1,113,68750,7000,0,0,2712.5,31593.33,110055.83
2021,1,114,133187.65,21425,16200,0,0,95106,265918.65
2021,1,117,0,40350,0,0,0,18750,59100
2021,1,160,15000,0,0,0,0,3000,18000
2021,1,190,0,0,0,0,0,1000,1000
2021,1,215,37596.64,13950,0,0,0,19833.36,71380
2021,1,216,13000,175000,0,0,30468.75,37012.5,255481.25
2021,1,218,106980,0,0,0,1187.5,83050,191217.5
2021,1,364,54800,0,0,0,24125,4016.64,82941.64
2021,1,365,82835,14050,0,0,0,6850,103735
2021,1,366,0,0,0,0,0,0,0
2021,1,367,94850,0,0,0,0,75780,170630
2021,1,401,0,0,0,0,0,0,0
2021,1,403,0,0,0,0,0,5615,5615
2021,1,404,0,0,0,0,0,0.66,0.66
2021,1,520,77491.66,26000,0,0,0,0,103491.66
2021,1,536,0,0,0,0,0,1500,1500
2021,2,113,19275,7000,0,0,175,22945,49395
2021,2,114,129400.98,6425,21600,0,21210.58,88706.99,267343.55
2021,2,117,0,46100,0,0,0,9375,55475
2021,2,160,15000,0,0,0,0,0,15000
2021,2,190,8500,0,0,0,0,-1000,7500
2021,2,215,91620,13950,0,0,5558.5,33100,144228.5
2021,2,216,47700,162500,0,0,21000,1225,232425
2021,2,218,62856.64,0,0,0,22645.31,39050,124551.95
2021,2,364,78137.68,0,0,0,2543.75,31119.38,111800.81
2021,2,365,88180,14050,0,0,10312.5,6225,118767.5
2021,2,366,0,0,0,0,0,0,0
2021,2,367,58150,0,0,0,0,-25550,32600
2021,2,401,0,0,0,0,0,0,0
2021,2,403,0,0,0,0,0,5615,5615
2021,2,404,0,0,0,0,0,2234,2234
2021,2,520,65250,52500,0,0,0,4700,122450
2021,2,536,0,0,0,0,0,0,0
2021,3,113,120765,7000,0,0,10237.5,82245,220247.5
2021,3,114,213143.51,16741.66,21600,0,44986.9,199752.6,496224.67
2021,3,117,0,73000,0,0,0,0,73000
2021,3,160,14950,4250,0,0,0,11750.4,30950.4
2021,3,190,-8500,0,0,0,-26457.89,-28141.91,-63099.8
2021,3,215,219149.31,82950,0,0,0,67700,369799.31
2021,3,216,18700,200000,0,0,25787.5,15700,260187.5
2021,3,218,107640,0,0,0,24128.13,87400,219168.13
2021,3,364,49633.33,0,0,0,43831.26,48599.98,142064.57
2021,3,365,133454.5,14050,0,0,0,28425,175929.5
2021,3,366,0,0,0,0,0,0,0
2021,3,367,121197.95,0,0,0,0,29450,150647.95
2021,3,401,0,0,0,0,0,0,0
2021,3,403,0,0,0,0,0,25371.66,25371.66
2021,3,404,0,0,0,0,0,2234,2234
2021,3,520,12250,52500,0,0,0,36500,101250
2021,3,536,4000,0,0,0,0,0,4000
2021,4,113,70900,7000,0,0,31921.8,68995,178816.8
2021,4,114,314105,13350,-7200,0,0,136511.86,456766.86
2021,4,117,8850,-34600,0,0,0,17900,-7850
2021,4,160,37400,11750,0,0,2991.3,8233.33,60374.63
2021,4,190,0,0,0,0,0,70500,70500
2021,4,215,176670,65350,0,0,12162.5,52333.33,306515.83
2021,4,216,18700,37500,0,0,21000,39600,116800
2021,4,218,247073.32,0,0,0,0,-29916.68,217156.64
2021,4,364,44900,0,0,0,45486,-32599.99,57786.01
2021,4,365,131525,14050,0,0,0,22595,168170
2021,4,366,0,0,0,0,0,0,0
2021,4,367,107495,0,0,0,15317.44,175085,297897.44
2021,4,401,0,0,0,0,0,0,0
2021,4,403,39000,0,0,0,0,-17100,21900
2021,4,404,0,0,0,0,0,56644.24,56644.24
2021,4,520,15750,52500,0,0,0,18400,86650
2021,4,536,10680,0,0,0,0,0,10680
2021,5,113,197646.66,15000,0,0,1290.52,48898.33,262835.51
2021,5,114,299296,10600,0,0,2018.75,145326.72,457241.47
2021,5,117,8850,19200,0,0,0,17900,45950
2021,5,160,26100,-3250,0,0,18621.88,12974,54445.88
2021,5,190,27500,0,0,0,0,39000,66500
2021,5,215,183946.66,51400,0,0,921.8,83933.34,320201.8
2021,5,216,5700,37500,0,0,47271.3,4333.33,94804.63
2021,5,218,157140,2850,0,0,0,35500,195490
2021,5,364,17392.66,0,0,0,14000,19699.98,51092.64
2021,5,365,166268.66,37150,0,0,10113.96,63280,276812.62
2021,5,366,0,0,0,0,0,0,0
2021,5,367,97670,0,0,0,11667.81,89951.66,199289.47
2021,5,401,0,0,0,0,0,0,0
2021,5,403,19500,0,0,0,0,0,19500
2021,5,404,0,0,0,0,0,55234,55234
2021,5,520,12250,79000,0,0,0,32025,123275
2021,5,536,10680,0,0,0,0,0,10680
2021,6,113,230090,15000,0,0,0,58995,304085
2021,6,114,269206.99,16100,0,0,11872,89559.2,386738.19
2021,6,117,3100,22400,0,0,0,17900,43400
2021,6,160,24533.32,12650,0,0,0,12974,50157.32
2021,6,190,27500,0,0,0,0,39000,66500
2021,6,215,201080,46000,0,0,0,75450,322530
2021,6,216,39300,47000,0,0,7910.44,11640,105850.44
2021,6,218,195490,7100,0,0,0,29800,232390
2021,6,364,43988.99,0,0,0,15556,21000,80544.99
2021,6,365,193074.99,25266.66,0,0,0,48225,266566.65
2021,6,366,0,0,0,0,0,0,0
2021,6,367,78675,0,0,0,3688,29565,111928
2021,6,401,0,0,0,0,0,0,0
2021,6,403,-1900,0,32000,0,0,0,30100
2021,6,404,0,0,0,0,0,108081,108081
2021,6,520,12250,79000,0,0,0,57025,148275
2021,6,536,0,0,0,0,0,0,0
2021,7,113,232002.5,22000,0,0,0,-5191.68,248810.82
2021,7,114,182953.99,16100,0,0,0,16664.2,215718.19
2021,7,117,3100,22400,0,0,0,17900,43400
2021,7,160,23250,18600,0,0,0,30924.66,72774.66
2021,7,190,55000,0,0,0,0,39000,94000
2021,7,215,138806,51300,0,0,0,53900,244006
2021,7,216,34750,59500,0,0,21000,1700,116950
2021,7,218,139623.33,7100,0,0,3035.94,45400,195159.27
2021,7,364,47089,0,0,0,14000,39895,100984
2021,7,365,148036,-12350,0,0,0,54525,190211
2021,7,366,0,0,0,0,0,0,0
2021,7,367,113388,0,0,0,0,24000,137388
2021,7,401,0,0,0,0,0,0,0
2021,7,403,22100,0,8000,0,0,0,30100
2021,7,404,0,0,0,0,0,53675,53675
2021,7,520,31500,53000,0,0,0,21875,106375
2021,7,536,33780,0,0,0,0,0,33780
2021,8,113,216102.5,15000,0,0,0,-1440,229662.5
2021,8,114,184788.34,16100,0,0,0,82077.52,282965.86
2021,8,117,3100,16650,0,0,0,17900,37650
2021,8,160,40150,30600,0,0,0,22087,92837
2021,8,190,27500,0,0,0,0,39000,66500
2021,8,215,124820,51300,0,0,0,42900,219020
2021,8,216,5785,47000,0,0,28000,22700,103485
2021,8,218,154625,-5650,0,0,0,43300,192275
2021,8,364,47576,0,0,0,28000,29895,105471
2021,8,365,142625,21850,0,0,0,57575,222050
2021,8,366,0,0,0,0,0,0,0
2021,8,367,127378.32,0,0,0,7376,37500,172254.32
2021,8,401,0,0,0,0,0,0,0
2021,8,403,30100,0,0,0,0,0,30100
2021,8,404,0,0,0,0,0,58425,58425
2021,8,520,33783.33,53000,0,0,0,17275,104058.33
2021,8,536,18873.14,0,0,0,0,0,18873.14
2021,9,113,192890,25000,0,0,0,15270,233160
2021,9,114,182607.33,23500,0,0,0,72935.86,279043.19
2021,9,117,3100,16650,0,0,0,0,19750
2021,9,160,205000,24600,0,0,0,168587,398187
2021,9,190,241603.51,-15666.66,0,0,-94829.15,-96107.7,35000
2021,9,215,173040,51300,0,0,0,45150,269490
2021,9,216,25000,47000,0,0,0,9100,81100
2021,9,218,161200,2850,0,0,0,45200,209250
2021,9,364,22326,0,0,0,14000,21000,57326
2021,9,365,155750,10200,0,0,0,53125,219075
2021,9,366,0,0,0,0,0,0,0
2021,9,367,151845,0,0,0,3688,31000,186533
2021,9,401,0,0,0,0,0,0,0
2021,9,403,14100,0,16000,0,0,0,30100
2021,9,404,0,0,0,0,0,5425,5425
2021,9,520,62400,79500,0,0,0,6825,148725
2021,9,536,34231.92,0,0,0,0,0,34231.92
2021,10,113,130111.66,50300,0,0,0,-19130,161281.66
2021,10,114,174779,22000,0,0,0,119287.52,316066.52
2021,10,117,66380,30100,0,0,0,-63280,33200
2021,10,160,168527.16,20350,0,0,8025,218064.34,414966.5
2021,10,190,27500,0,0,0,0,15000,42500
2021,10,215,142752.5,79300,0,0,28355,70250,320657.5
2021,10,216,25000,56500,0,0,0,24015,105515
2021,10,218,155477.89,2850,0,0,6227.5,4000,168555.39
2021,10,364,37926,0,0,0,14000,18000,69926
2021,10,365,194680,23350,0,0,0,26625,244655
2021,10,366,0,0,0,0,0,0,0
2021,10,367,150562,18500,0,0,7376,26000,202438
2021,10,401,0,0,0,0,0,0,0
2021,10,403,30100,0,0,0,0,0,30100
2021,10,404,0,0,0,0,0,5691.66,5691.66
2021,10,520,-3516.68,26500,0,0,0,-5225,17758.32
2021,10,536,327.6,0,0,0,0,0,327.6
2021,11,113,103650,42300,0,0,0,5440,151390
2021,11,114,156274,50750,0,0,0,65672.53,272696.53
2021,11,117,9265,16650,0,0,0,-9265,16650
2021,11,160,214220.36,20350,0,0,0,192768.4,427338.76
2021,11,190,27500,0,0,0,0,7500,35000
2021,11,215,181930,64800,0,0,19831.25,91200,357761.25
2021,11,216,25000,47000,0,0,0,19635,91635
2021,11,218,168646.83,2850,0,0,0,40500,211996.83
2021,11,364,42426,0,0,0,14000,33450,89876
2021,11,365,216983.33,39450,0,0,0,29075,285508.33
2021,11,366,0,0,0,0,0,0,0
2021,11,367,136195.33,23000,0,0,12860.39,23000,195055.72
2021,11,401,0,0,0,0,0,0,0
2021,11,403,0,0,0,0,0,18215,18215
2021,11,404,0,0,0,0,0,22150,22150
2021,11,520,27625,0,0,0,4500,0,32125
2021,11,536,9950,0,0,0,0,0,9950
2021,12,113,151300,36550,0,0,0,15650,203500
2021,12,114,151153.98,33950,0,0,1680,83732.5,270516.48
2021,12,117,0,-67250,0,0,0,0,-67250
2021,12,160,208919.56,-5900,0,0,11807.81,208723.92,423551.29
2021,12,190,-10064.16,0,0,0,0,45064.16,35000
2021,12,215,93846.66,48700,0,0,1753.13,-46270,98029.79
2021,12,216,19333.32,72000,0,0,44887.5,22868.33,159089.15
2021,12,218,159070,2850,0,0,0,56600,218520
2021,12,364,56126,8250,0,0,14000,12525,90901
2021,12,365,200844,19950,0,0,0,14250,235044
2021,12,366,0,0,0,0,0,0,0
2021,12,367,158416.66,46000,0,0,11750.51,34000,250167.17
2021,12,401,0,0,0,0,0,0,0
2021,12,403,-19500,0,0,0,0,3215,-16285
2021,12,404,0,0,0,0,0,2710,2710
2021,12,520,-14675,0,0,0,0,28950,14275
2021,12,536,9950,0,0,0,0,0,9950
2022,1,113,153050,49050,0,0,0,-26350,175750
2022,1,114,105764.66,19000,0,0,0,72978.2,197742.86
2022,1,117,0,0,0,0,0,0,0
2022,1,160,187611.82,6000,0,0,0,-12518.14,181093.68
2022,1,190,27500,0,0,0,0,7500,35000
2022,1,215,124580,80610,0,0,822.5,56300,262312.5
2022,1,216,10500,47000,0,0,0,-1900,55600
2022,1,218,157088.34,2850,0,0,0,21100,181038.34
2022,1,364,45251,-8250,0,0,14000,18200,69201
2022,1,365,200725,19950,0,0,0,43525,264200
2022,1,367,50416.66,41500,0,0,3688,-65900,29704.66
2022,1,401,0,0,0,0,0,0,0
2022,1,403,0,0,0,0,0,-4285,-4285
2022,1,404,0,0,0,0,0,22842.66,22842.66
2022,1,520,12250,0,0,0,0,0,12250
2022,1,536,9950,0,0,0,0,0,9950
2022,2,113,74828.66,49050,0,0,200,-2062,122016.66
2022,2,114,114198,22700,0,0,0,118655.8,255553.8
2022,2,117,0,0,0,0,0,0,0
2022,2,160,203908,6000,0,0,0,10158.66,220066.66
2022,2,190,35500,0,0,0,0,7500,43000
2022,2,215,115036.28,66610,0,0,66459.38,57843.72,305949.38
2022,2,216,15269.34,28000,0,0,33162.5,-5519.34,70912.5
2022,2,218,142622.74,2850,0,0,0,39990,185462.74
2022,2,364,1000,0,0,0,14000,19500,34500
2022,2,365,209699.98,24516.66,0,0,0,35308.34,269524.98
2022,2,367,17133.34,83500,0,0,3688,-36133.34,68188
2022,2,401,0,0,0,0,0,0,0
2022,2,403,0,0,0,0,0,3215,3215
2022,2,404,0,0,0,0,0,15750,15750
2022,2,520,17650,0,0,0,0,0,17650
2022,2,536,0,0,0,0,0,0,0
2022,3,113,117900,70850,0,0,0,18800,207550
2022,3,114,156901,22700,0,0,1987.5,129554,311142.5
2022,3,117,0,0,0,0,0,0,0
2022,3,160,262816.62,-12000,0,0,0,28374,279190.62
2022,3,190,67500,0,0,0,0,7500,75000
2022,3,215,115402.96,78010,0,0,15300,37977.04,246690
2022,3,216,10500,47000,0,0,0,-4750,52750
2022,3,218,153950,2850,0,0,0,71928.41,228728.41
2022,3,364,10000,9500,0,0,-8826.34,29000,39673.66
2022,3,365,220936,35150,0,0,0,30944,287030
2022,3,367,16800,142750,0,0,4775.5,10166.67,174492.17
2022,3,401,0,0,0,0,0,0,0
2022,3,403,0,0,0,0,0,2143.33,2143.33
2022,3,404,8000,0,0,0,0,15750,23750
2022,3,520,5400,0,0,0,0,-6000,-600
2022,3,536,24000,0,0,0,0,0,24000
2022,4,113,150725,27300,0,0,0,-3000,175025
2022,4,114,149812,29950,0,0,0,122873.67,302635.67
2022,4,117,0,0,0,0,0,0,0
2022,4,160,191100,6650,0,0,0,17733.32,215483.32
2022,4,190,50333.33,0,0,0,0,7500,57833.33
2022,4,215,117480,55810,0,0,10040.1,58820,242150.1
2022,4,216,10500,37500,0,0,0,2500,50500
2022,4,218,121750,2850,0,0,0,33600,158200
2022,4,364,10000,19000,0,0,4532,-9000,24532
2022,4,365,198716.66,45150,0,0,0,36050,279916.66
2022,4,367,41624.67,184500,0,0,3688,22073.33,251886
2022,4,401,0,0,0,0,0,0,0
2022,4,403,0,0,0,0,0,0,0
2022,4,404,0,0,0,0,0,15750,15750
2022,4,520,11200,0,0,0,0,0,11200
2022,4,536,45000,0,0,0,0,0,45000
2022,5,113,93375,55550,0,0,0,10350,159275
2022,5,114,113934.32,22700,0,0,0,82908.66,219542.98
2022,5,117,0,0,0,0,0,0,0
2022,5,160,146699.98,6650,0,0,0,0,153349.98
2022,5,190,32000,0,0,0,0,7500,39500
2022,5,215,140980,66810,0,0,8605.8,34360,250755.8
2022,5,216,0,37500,0,0,0,10500,48000
2022,5,218,142022.74,2850,0,0,0,-2406.08,142466.66
2022,5,364,10000,9500,0,0,8557,10000,38057
2022,5,365,183590,26300,0,0,0,10410,220300
2022,5,367,4300,103250,0,0,3688,8500,119738
2022,5,401,0,0,0,0,0,0,0
2022,5,403,0,0,0,0,0,0,0
2022,5,404,4200,0,0,0,0,-10500,-6300
2022,5,520,11200,0,0,0,0,-6250,4950
2022,5,536,16500,0,0,0,0,0,16500
2022,6,113,111550,47300,0,0,0,6825.61,165675.61
2022,6,114,140125,22300,0,0,0,89637,252062
2022,6,117,0,0,0,0,0,0,0
2022,6,160,138733.32,11550,0,0,0,3333.33,153616.65
2022,6,190,42370,0,0,0,0,-18870,23500
2022,6,215,68719.66,70810,0,0,5067.86,41316.66,185914.18
2022,6,216,21000,37500,0,0,0,5000,63500
2022,6,218,108950,2850,0,0,0,14400,126200
2022,6,364,10000,-9500,0,0,13894.5,10000,24394.5
2022,6,365,151773.32,36050,0,0,0,31100,218923.32
2022,6,367,38400,111750,0,0,3688,20400,174238
2022,6,401,0,0,0,0,0,0,0
2022,6,403,20900,0,0,0,0,0,20900
2022,6,404,0,0,0,0,0,0,0
2022,6,520,11200,0,0,0,0,0,11200
2022,6,536,26000,0,0,0,0,2250,28250
2022,7,113,111574.98,54300,0,0,0,13950,179824.98
2022,7,114,132474.98,40900,0,0,0,79011,252385.98
2022,7,117,0,0,0,0,0,25125,25125
2022,7,160,170400,11550,13750,0,0,3500,199200
2022,7,190,5933,0,0,0,0,33567,39500
2022,7,215,105431.32,64310,0,0,0,47560,217301.32
2022,7,216,10500,50000,0,0,0,-2500,58000
2022,7,218,115700,2850,0,0,0,24250,142800
2022,7,364,21400,0,0,0,20719.5,20000,62119.5
2022,7,365,146350,39450,0,0,0,36600,222400
2022,7,367,54017,130250,0,0,4364.88,1750,190381.88
2022,7,401,0,0,0,0,0,0,0
2022,7,403,12500,0,0,0,0,0,12500
2022,7,404,0,0,0,0,0,0,0
2022,7,520,11200,0,0,0,0,0,11200
2022,7,536,10000,0,0,0,0,2250,12250
2022,8,113,124255,34250,0,0,0,20316.66,178821.66
2022,8,114,184675,47400,0,0,650,92499.34,325224.34
2022,8,117,0,0,0,0,0,6281.25,6281.25
2022,8,160,115300,11550,0,0,0,0,126850
2022,8,190,24000,0,0,0,0,15500,39500
2022,8,215,141848,85310,0,0,0,37168.32,264326.32
2022,8,216,10500,37500,0,0,0,3720,51720
2022,8,218,118150,2850,0,0,0,9000,130000
2022,8,364,10000,0,0,0,25269.5,10000,45269.5
2022,8,365,128350,45850,0,0,0,61430,235630
2022,8,367,34950,110500,0,0,7376,3950,156776
2022,8,401,0,0,0,0,0,0,0
2022,8,403,12500,0,0,0,0,0,12500
2022,8,404,0,0,0,0,0,0,0
2022,8,520,11200,0,0,0,0,10725,21925
2022,8,536,14000,0,0,0,0,0,14000
2022,9,113,207425,29250,0,0,0,-66590,170085
2022,9,114,136991.31,62400,0,0,0,89003.32,288394.63
2022,9,117,35600,0,0,0,0,-17800,17800
2022,9,160,149091,4900,0,0,0,-12391,141600
2022,9,190,-158168.67,0,0,0,0,133668.67,-24500
2022,9,215,214356.3,114110,0,0,0,-20831.66,307634.64
2022,9,216,24500,-12500,0,0,0,0,12000
2022,9,218,100423.32,8850,0,0,0,-47440,61833.32
2022,9,364,16900,0,0,0,16519.5,3333.32,36752.82
2022,9,365,69783.33,39250,0,0,0,39750,148783.33
2022,9,367,97050.08,97750,0,0,5718.63,-950.08,199568.63
2022,9,401,0,0,0,0,0,0,0
2022,9,403,22998,0,0,0,0,-10498,12500
2022,9,404,0,0,0,0,0,0,0
2022,9,520,8100,0,0,0,0,10725,18825
2022,9,536,10466.66,0,0,0,0,-466.66,10000
2022,10,113,240591.67,39000,0,0,0,-118700.02,160891.65
2022,10,114,82298.32,70900,0,0,2458.13,28466.67,184123.12
2022,10,117,8900,0,0,0,0,15062.5,23962.5
2022,10,160,112899.98,4900,0,0,0,-4433.34,113366.64
2022,10,190,16000,0,0,0,0,15000,31000
2022,10,215,86314.66,96810,0,0,0,16541.67,199666.33
2022,10,216,17500,0,0,0,0,0,17500
2022,10,218,144085.4,5850,0,0,0,5550,155485.4
2022,10,364,0,0,0,0,16082,-36900,-20818
2022,10,365,124750,25850,0,0,1701.56,119916.66,272218.22
2022,10,367,87600,96000,0,0,3688,8500,195788
2022,10,401,0,0,0,0,0,0,0
2022,10,403,12500,0,0,0,0,0,12500
2022,10,404,0,0,0,0,0,0,0
2022,10,520,8500,0,0,0,0,10725,19225
2022,10,536,0,0,0,0,0,0,0
2022,11,113,170566.65,48700,0,0,0,49066,268332.65
2022,11,114,115415,86550,0,0,0,26240,228205
2022,11,117,-8900,0,0,0,0,18843.75,9943.75
2022,11,160,73000,4900,0,0,0,4500,82400
2022,11,190,24000,0,0,0,0,7500,31500
2022,11,215,67148,115120,0,0,0,29375,211643
2022,11,216,20000,0,0,0,0,0,20000
2022,11,218,175900,-2700,0,0,0,0,173200
2022,11,364,18600,0,0,0,15469.5,0,34069.5
2022,11,365,193300,-34400,0,0,0,35400,194300
2022,11,367,70188,-2000,0,0,0,10800,78988
2022,11,401,0,0,0,0,0,0,0
2022,11,403,28388,0,0,0,0,7250,35638
2022,11,404,0,0,0,0,0,0,0
2022,11,520,8100,0,0,0,0,11491.66,19591.66
2022,11,536,56000,0,0,0,0,0,56000
2022,12,113,79741.66,22500,0,0,0,101103.5,203345.16
2022,12,114,39315,35250,0,0,0,39766.66,114331.66
2022,12,117,0,0,0,0,0,0,0
2022,12,160,95166.66,9800,0,0,0,4433.34,109400
2022,12,190,-40000,0,0,0,0,-23500,-63500
2022,12,215,92937.66,78500,0,0,0,36575,208012.66
2022,12,216,10500,4000,0,0,0,0,14500
2022,12,218,182800,3000,0,0,0,0,185800
2022,12,364,-28900,0,0,0,11927.31,38200,21227.31
2022,12,365,156770,29300,0,0,993.75,10700,197763.75
2022,12,367,-30500,5750,0,0,57197.38,83500,115947.38
2022,12,401,0,0,0,0,0,0,0
2022,12,403,9588,6750,0,0,14850,2416.66,33604.66
2022,12,404,0,0,0,0,0,0,0
2022,12,520,5400,0,0,0,0,10725,16125
2022,12,536,14000,0,0,0,0,0,14000
2023,1,113,173669.66,45050,0,0,0,33643,252362.66
2023,1,114,90283.32,31200,0,0,0,21750,143233.32
2023,1,117,0,0,0,0,0,0,0
2023,1,160,28700,4900,0,0,7543.75,0,41143.75
2023,1,190,0,0,0,0,0,7500,7500
2023,1,215,79825,101500,0,0,0,29375,210700
2023,1,216,10500,4000,0,0,0,0,14500
2023,1,218,150050,3000,0,0,3740.63,0,156790.63
2023,1,364,21300,0,0,0,8819.5,0,30119.5
2023,1,365,133200,29300,0,0,0,20400,182900
2023,1,367,55370,47500,0,0,0,8500,111370
2023,1,403,9588,6750,0,0,14520,0,30858
2023,1,404,0,0,0,0,0,0,0
2023,1,520,0,0,0,0,0,10725,10725
2023,1,536,14000,0,0,0,0,0,14000
2023,2,113,157564,30750,0,0,0,69575,257889
2023,2,114,59138,72900,0,0,3330.63,13236,148604.63
2023,2,117,0,0,0,0,0,0,0
2023,2,160,55300,4900,0,0,0,0,60200
2023,2,190,0,0,0,0,0,7500,7500
2023,2,215,70225,58300,0,0,0,17500,146025
2023,2,216,24700,4000,0,0,0,0,28700
2023,2,218,110250,3000,0,0,1485,14000,128735
2023,2,364,16066.66,0,0,0,507,0,16573.66
2023,2,365,154210,29300,0,0,0,20400,203910
2023,2,367,53688,17500,0,0,0,-17000,54188
2023,2,403,0,6750,0,0,15840,0,22590
2023,2,404,0,0,0,0,0,0,0
2023,2,520,0,0,0,0,0,10725,10725
2023,2,536,0,0,0,0,0,0,0
2023,3,113,175347,89330,0,0,0,68362.5,333039.5
2023,3,114,77160,106400,0,0,0,14218,197778
2023,3,117,0,0,0,0,0,18900,18900
2023,3,160,55300,4900,0,0,0,6000,66200
2023,3,190,0,0,0,0,0,7500,7500
2023,3,215,70225,33010,0,0,0,29375,132610
2023,3,216,31700,4000,0,0,0,0,35700
2023,3,218,231050,3000,0,0,0,0,234050
2023,3,364,24000,0,0,0,24307,0,48307
2023,3,365,221100,29300,0,0,11400,9500,271300
2023,3,367,73000,17500,0,0,3688,0,94188
2023,3,403,21253,6750,0,0,16500,0,44503
2023,3,404,0,0,0,0,0,0,0
2023,3,520,0,0,0,0,0,0,0
2023,3,536,0,0,0,0,0,0,0
2023,4,113,137100,80330,0,0,0,56462.5,273892.5
2023,4,114,64010,95600,0,0,0,14160,173770
2023,4,117,17200,0,0,0,0,1700,18900
2023,4,160,59566.66,4900,0,0,0,-3000,61466.66
2023,4,190,0,0,0,0,0,7500,7500
2023,4,215,99900,33710,0,0,0,10875,144485
2023,4,216,31700,4000,0,0,0,0,35700
2023,4,218,209400,0,0,0,0,-8500,200900
2023,4,364,12000,0,0,0,507,0,12507
2023,4,365,115650,42050,0,0,0,2800,160500
2023,4,367,73000,17500,0,0,3688,2750,96938
2023,4,403,11116.66,6750,0,0,5280,0,23146.66
2023,4,404,0,0,0,0,0,0,0
2023,4,520,0,0,0,0,0,21450,21450
2023,4,536,0,7300,0,0,0,0,7300
2023,5,113,153231.4,88530,0,0,0,39000,280761.4
2023,5,114,108176.65,73600,0,0,0,19356,201132.65
2023,5,117,27400,0,0,0,0,0,27400
2023,5,160,94400,4900,0,0,0,-4200,95100
2023,5,190,0,0,0,0,0,7500,7500
2023,5,215,46800,55460,0,0,0,60616.66,162876.66
2023,5,216,31700,4000,0,0,0,0,35700
2023,5,218,168650,0,0,0,7875.45,0,176525.45
2023,5,364,30925,0,0,0,14594.5,0,45519.5
2023,5,365,118816.66,19100,0,0,0,0,137916.66
2023,5,367,97325,17500,0,0,3688,0,118513
2023,5,403,-14250,13500,0,0,0,0,-750
2023,5,404,0,0,0,0,0,0,0
2023,5,520,13625,0,0,0,0,0,13625
2023,5,536,0,7300,0,0,0,0,7300
2023,6,113,171558.33,166160,0,0,1813.84,40500,380032.17
2023,6,114,116445,136516.66,0,0,0,39144,292105.66
2023,6,117,36000,0,0,0,0,0,36000
2023,6,160,77366.66,4900,0,0,0,2300,84566.66
2023,6,190,0,0,0,0,0,7500,7500
2023,6,215,32566.66,41070,0,0,1617.72,38475,113729.38
2023,6,216,35700,24520,0,0,0,0,60220
2023,6,218,184400,0,0,0,0,12000,196400
2023,6,364,31851.07,0,0,0,24657,-12000,44508.07
2023,6,365,126816.66,29300,0,0,0,0,156116.66
2023,6,367,59500,-23333.34,0,0,3688,0,39854.66
2023,6,403,16600,6750,0,0,33660,0,57010
2023,6,404,0,0,0,0,0,0,0
2023,6,520,13625,0,0,0,0,0,13625
2023,6,536,0,0,0,0,0,0,0
2023,7,113,146249.98,104530,0,0,3622.36,47500,301902.34
2023,7,114,118295,126300,0,0,9938.28,13180,267713.28
2023,7,117,30333.32,0,0,0,0,0,30333.32
2023,7,160,49100,4900,0,0,0,0,54000
2023,7,190,0,0,0,0,0,16500,16500
2023,7,215,41900,20360,0,0,0,46075,108335
2023,7,216,52180,14260,0,0,0,16000,82440
2023,7,218,215400,0,0,0,0,12000,227400
2023,7,364,12825,6100,0,0,2839.08,63000,84764.08
2023,7,365,117600,-12350,0,0,2495.51,0,107745.51
2023,7,367,86500,7000,0,0,7376,0,100876
2023,7,403,7200,-6750,0,0,4180,0,4630
2023,7,404,0,0,0,0,0,0,0
2023,7,520,16525,0,0,0,0,0,16525
2023,7,536,0,0,0,0,0,0,0
2023,8,113,165850,130330,0,0,818.16,89000,385998.16
2023,8,114,59759.99,62700,0,0,2920.64,47850,173230.63
2023,8,117,27500,0,0,0,0,8166.66,35666.66
2023,8,160,49100,0,0,0,0,13000,62100
2023,8,190,0,0,0,0,0,56500,56500
2023,8,215,31400,34360,0,0,6628.65,112025,184413.65
2023,8,216,46180,64260,0,0,0,16000,126440
2023,8,218,219960,0,0,0,0,83000,302960
2023,8,364,12825,6100,0,0,13107,31500,63532
2023,8,365,84716.66,13150,0,0,0,37300,135166.66
2023,8,367,71000,21000,0,0,9006.3,140,101146.3
2023,8,403,7200,10800,0,0,28270,0,46270
2023,8,404,0,0,0,0,0,0,0
2023,8,520,24350,0,0,0,0,0,24350
2023,8,536,0,0,0,0,0,0,0
2023,9,113,211680,127130,0,0,0,94093.33,432903.33
2023,9,114,64860,109100,0,0,0,17824.66,191784.66
2023,9,117,27500,0,0,0,0,0,27500
2023,9,160,71350,0,0,0,0,53000,124350
2023,9,190,305290,-29600,0,0,0,-260690,15000
2023,9,215,32400,70098.34,0,0,3191.24,122675,228364.58
2023,9,216,29033.32,43260,0,0,0,42000,114293.32
2023,9,218,229543.32,6500,0,0,0,58000,294043.32
2023,9,364,54150,6100,0,0,14069.5,10500,84819.5
2023,9,365,35500,13150,0,0,21000,41550,111200
2023,9,367,59955,60000,0,0,3688,15000,138643
2023,9,403,7200,18100,0,0,33110,0,58410
2023,9,404,0,0,0,0,0,0,0
2023,9,520,16025,980,0,0,0,0,17005
2023,9,536,0,0,0,0,0,0,0
2023,10,113,257050,214330,0,0,12502.54,48740,532622.54
2023,10,114,96736.66,131100,0,0,2493.4,20060,250390.06
2023,10,117,27500,0,0,0,0,0,27500
2023,10,160,54516.64,0,0,0,0,34075,88591.64
2023,10,190,0,0,0,0,0,7500,7500
2023,10,215,90800,135365,0,0,30124.68,41275,297564.68
2023,10,216,42200,55310,0,0,0,16000,113510
2023,10,218,228143.34,17000,0,0,1333.32,38000,284476.66
2023,10,364,24500,6100,0,0,13777.04,21000,65377.04
2023,10,365,113700,22900,0,0,0,7283.32,143883.32
2023,10,367,151499.99,-67666.66,0,0,3688,0,87521.33
2023,10,403,-2400,37600,0,0,13420,0,48620
2023,10,404,0,0,0,0,0,0,0
2023,10,520,13625,9480,0,0,0,6500,29605
2023,10,536,0,0,0,0,0,0,0
2023,11,113,265039.99,171050,0,0,0,16083.34,452173.33
2023,11,114,45350,140600,0,0,0,410,186360
2023,11,117,18900,0,0,0,0,0,18900
2023,11,160,50100,0,0,0,0,22500,72600
2023,11,190,0,0,0,0,0,7500,7500
2023,11,215,198566.66,82395,0,0,40556.12,97675,419192.78
2023,11,216,17700,59310,0,0,0,16000,93010
2023,11,218,184226.66,11750,0,0,0,61333.33,257309.99
2023,11,364,4850,6100,0,0,24657,21000,56607
2023,11,365,173310,13150,0,0,0,-11400,175060
2023,11,367,91450,37000,0,0,3688,69000,201138
2023,11,403,12000,26800,0,0,19690,0,58490
2023,11,404,0,0,0,0,0,0,0
2023,11,520,20525,980,0,0,0,-6500,15005
2023,11,536,0,0,0,0,0,0,0
2023,12,113,205931.64,138790,0,0,0,91416.66,436138.3
2023,12,114,60150,91200,0,0,29727.33,-18666.68,162410.65
2023,12,117,20600,0,0,0,0,0,20600
2023,12,160,-90133.34,0,0,0,20828.58,-13500,-82804.76
2023,12,190,0,0,0,0,0,21500,21500
2023,12,215,155366.66,78061.66,0,0,0,148908.34,382336.66
2023,12,216,24900,-37950,0,0,0,-32000,-45050
2023,12,218,157393.33,11750,0,0,0,54666.67,223810
2023,12,364,14250,6100,0,0,507,21000,41857
2023,12,365,54310,-25850,0,0,0,0,28460
2023,12,367,85983.32,55500,0,0,3688,34333.33,179504.65
2023,12,403,12000,26800,0,0,16170,0,54970
2023,12,404,0,0,0,0,0,0,0
2023,12,520,16425,0,0,0,0,0,16425
2023,12,536,0,0,0,0,0,0,0
2024,1,113,137848.32,113440,0,0,0,46500,297788.32
2024,1,114,15916.66,63950,0,0,0,-13000,66866.66
2024,1,117,8600,0,0,0,0,0,8600
2024,1,160,0,0,0,0,0,0,0
2024,1,190,0,0,0,0,0,7500,7500
2024,1,215,161750,118980,0,0,0,129575,410305
2024,1,216,23100,20050,0,0,0,0,43150
2024,1,218,72059.98,11750,0,0,0,30000,113809.98
2024,1,364,14250,0,0,0,4127.83,0,18377.83
2024,1,365,94010,3400,0,0,0,0,97410
2024,1,367,101733.32,48500,0,0,23229.54,-99083.33,74379.53
2024,1,403,12000,-21200,0,0,10010,0,810
2024,1,404,0,0,0,0,0,0,0
2024,1,520,10725,0,0,0,0,0,10725
2024,1,536,0,0,0,0,0,0,0
2024,2,113,124104.16,86140,0,0,20178.45,78733.41,309156.02
2024,2,114,67266.66,59700,0,0,0,27530,154496.66
2024,2,117,8600,0,0,0,0,0,8600
2024,2,160,0,0,0,0,0,0,0
2024,2,190,0,0,0,0,0,7500,7500
2024,2,215,219050,106545,0,0,2904.61,99575,428074.61
2024,2,216,17700,24550,0,0,0,1200,43450
2024,2,218,118876.65,11750,0,0,0,57600,188226.65
2024,2,364,24750,0,0,0,11797.65,13500,50047.65
2024,2,365,101800,-2266.68,0,0,15793.66,10500,125826.98
2024,2,367,74950,2000,0,0,11449.32,-48000,40399.32
2024,2,403,21200,10800,0,0,10890,0,42890
2024,2,404,0,0,0,0,0,0,0
2024,2,520,10725,0,0,0,0,0,10725
2024,2,536,2500,0,0,0,0,0,2500
2024,3,113,150450,91073.32,0,0,0,45733.33,287256.65
2024,3,114,137509.14,66100,0,0,4545.66,48124,256278.8
2024,3,117,25600,0,0,0,0,0,25600
2024,3,160,8500,0,0,0,0,0,8500
2024,3,190,0,0,0,0,0,7500,7500
2024,3,215,213150,104045,0,0,0,41525,358720
2024,3,216,34300,24550,0,0,0,600,59450
2024,3,218,136393.32,117500,0,0,4704.88,24933.33,283531.53
2024,3,364,41250,0,0,0,507,-13500,28257
2024,3,365,83100,0,0,0,7108.46,-3500,86708.46
2024,3,367,85000,-23000,0,0,0,11000,73000
2024,3,403,12000,10800,0,0,0,0,22800
2024,3,404,0,0,0,0,0,0,0
2024,3,520,10725,0,0,0,0,0,10725
2024,3,536,0,0,0,0,0,0,0
2024,4,113,130855,132940,0,0,0,-18600,245195
2024,4,114,172123.33,101600,0,0,0,75838,349561.33
2024,4,117,25900,0,0,0,0,0,25900
2024,4,160,8500,0,0,0,0,0,8500
2024,4,190,0,0,0,0,0,7500,7500
2024,4,215,306106.67,16780,0,0,0,-84358.33,238528.34
2024,4,216,82900,19300,0,0,0,-5100,97100
2024,4,218,212553.34,169500,0,0,0,-17500,364553.34
2024,4,364,27750,0,0,0,507,0,28257
2024,4,365,48550,0,0,0,0,7900,56450
2024,4,367,34000.01,0,0,0,19359.1,11000,64359.11
2024,4,403,19200,10800,0,0,40260,0,70260
2024,4,404,0,0,0,0,0,0,0
2024,4,520,13475,3100,0,0,0,0,16575
2024,4,536,0,0,0,0,0,0,0
2024,5,113,218395,133270,0,0,0,31100,382765
2024,5,114,231040,378350,0,0,0,89436,698826
2024,5,117,15266.66,0,0,0,0,0,15266.66
2024,5,160,-5666.67,0,0,0,0,0,-5666.67
2024,5,190,0,0,0,0,0,7500,7500
2024,5,215,93530,-2630,0,0,0,33975,124875
2024,5,216,133300,40200,0,0,0,0,173500
2024,5,218,205793.33,174450,0,0,29584.32,28666.66,438494.31
2024,5,364,28500,0,0,0,507,0,29007
2024,5,365,67300,0,0,0,11378.7,0,78678.7
2024,5,367,0,0,0,0,0,11000,11000
2024,5,403,24000,10800,0,0,0,0,34800
2024,5,404,0,0,0,0,0,0,0
2024,5,520,15775,3100,0,0,0,0,18875
2024,5,536,0,0,0,0,0,0,0
2024,6,113,296807.11,104940,0,0,15031.74,-12100,404678.85
2024,6,114,346740,44600,0,0,3775.6,91690,486805.6
2024,6,117,0,0,0,0,0,0,0
2024,6,160,0,0,0,0,0,0,0
2024,6,190,0,0,0,0,0,7500,7500
2024,6,215,147940,37350,0,0,13851.05,19225,218366.05
2024,6,216,121900,44000,0,0,0,9666.64,175566.64
2024,6,218,180860,225050,0,0,0,49000,454910
2024,6,364,14250,0,0,0,507,0,14757
2024,6,365,75050,0,0,0,-6009,0,69041
2024,6,367,9250,0,0,0,37203.14,11000,57453.14
2024,6,403,31200,13800,0,0,0,0,45000
2024,6,404,0,0,0,0,0,0,0
2024,6,520,39625,3100,0,0,0,0,42725
2024,6,536,0,0,0,0,0,0,0
2024,7,113,231633.32,111940,0,0,9648.49,53266.66,406488.47
2024,7,114,354790,130900,0,0,1275.51,53303.33,540268.84
2024,7,117,33400,0,0,0,0,-16700,16700
2024,7,160,0,0,0,0,0,0,0
2024,7,190,0,0,0,0,0,7500,7500
2024,7,215,85139.97,43250,0,0,21037.82,21308.33,170736.12
2024,7,216,150400,95800,0,0,0,0,246200
2024,7,218,252360,273600,0,0,0,65000,590960
2024,7,364,14250,0,0,0,507,0,14757
2024,7,365,72200,0,0,0,789.49,2500,75489.49
2024,7,367,45250,0,0,0,13911.64,11000,70161.64
2024,7,403,31200,10300,0,0,0,0,41500
2024,7,404,0,0,0,0,0,0,0
2024,7,520,15066.66,3100,0,0,0,0,18166.66
2024,7,536,0,0,0,0,0,0,0
2024,8,113,184975,129490,0,0,2484.73,24900,341849.73
2024,8,114,215362.63,195066.66,0,0,17011.12,99348.16,526788.57
2024,8,117,16700,0,0,0,0,0,16700
2024,8,160,0,0,0,0,0,19400,19400
2024,8,190,0,0,0,0,0,15000,15000
2024,8,215,119623.32,76600,0,0,5044.24,14500,215767.56
2024,8,216,145366,54400,0,0,0,7600,207366
2024,8,218,260960,206600,0,0,2163.41,86666.66,556390.07
2024,8,364,14250,0,0,0,507,0,14757
2024,8,365,96100,0,0,0,0,-2500,93600
2024,8,367,36000,0,0,0,0,11000,47000
2024,8,403,43200,10300,0,0,0,0,53500
2024,8,404,0,10300,0,0,0,0,10300
2024,8,520,14733.32,3100,0,0,0,0,17833.32
2024,8,536,0,0,0,0,0,480,480
2024,9,113,159583.33,121690,20250,0,0,69600,371123.33
2024,9,114,199773.32,-162400,0,0,0,108037.56,145410.88
2024,9,117,16700,0,0,0,70871.14,0,87571.14
2024,9,160,0,0,0,0,0,6750,6750
2024,9,190,0,0,0,0,0,8300,8300
2024,9,215,100300,117450,0,0,1396.79,35603.44,254750.23
2024,9,216,132200,48300,0,0,0,92800,273300
2024,9,218,221326.66,246100,0,0,0,65000,532426.66
2024,9,364,23750,0,0,0,507,4050,28307
2024,9,365,78616.66,0,0,0,0,9700,88316.66
2024,9,367,36000,0,0,0,0,116350,152350
2024,9,403,31200,10300,0,0,0,0,41500
2024,9,404,0,0,0,0,0,0,0
2024,9,520,12400,3100,0,0,0,0,15500
2024,9,536,0,0,0,0,0,480,480
2024,10,113,335429.98,129050,20250,0,1242.81,-27866.66,458106.13
2024,10,114,302733.3,20400,0,0,0,146517.66,469650.96
2024,10,117,-5566.67,0,0,0,4291.94,15000,13725.27
2024,10,160,91700,0,0,0,2720.51,83100,177520.51
2024,10,190,9500,0,0,0,0,8300,17800
2024,10,215,115833.33,120450,0,0,4080.72,69116.67,309480.72
2024,10,216,136866.64,28500,0,0,0,141033.36,306400
2024,10,218,75026.66,153600,0,0,75516.28,149033.33,453176.27
2024,10,364,-25000,0,0,0,507,0,-24493
2024,10,365,117466.66,0,0,0,0,29200,146666.66
2024,10,367,70000,0,0,0,0,58750,128750
2024,10,403,31200,10300,0,0,0,0,41500
2024,10,404,0,0,0,0,0,0,0
2024,10,520,57100,3100,0,0,0,0,60200
2024,10,536,0,0,0,0,0,-160,-160
2024,11,113,350930,91515,0,0,0,10173.32,452618.32
2024,11,114,208983.33,16900,0,0,0,149039.33,374922.66
2024,11,117,5333.33,0,0,0,0,15000,20333.33
2024,11,160,95700,14400,0,0,238.7,75033.32,185372.02
2024,11,190,9500,0,0,0,0,8300,17800
2024,11,215,119400,146250,0,0,2064.82,85683.33,353398.15
2024,11,216,71466.64,11900,0,0,0,53299.98,136666.62
2024,11,218,257960,49600,0,0,0,203000,510560
2024,11,364,0,0,0,0,12971.4,0,12971.4
2024,11,365,60333.32,0,0,0,575.56,19500,80408.88
2024,11,367,33188.73,0,0,0,10352.91,110450,153991.64
2024,11,403,34750,13300,0,0,0,26640,74690
2024,11,404,0,0,0,0,0,0,0
2024,11,520,17500,-3100,0,0,0,0,14400
2024,11,536,0,0,0,0,0,10500,10500
2024,12,113,222029.99,80435,0,0,4208.5,17940,324613.49
2024,12,114,289584.99,-10433.34,0,0,341,-16273.33,263219.32
2024,12,117,0,0,0,0,0,15000,15000
2024,12,160,84083.31,-7200,0,0,0,82616.66,159499.97
2024,12,190,16700,0,0,0,0,8300,25000
2024,12,215,244283.31,48850,0,0,31143.06,-71933.33,252343.04
2024,12,216,75400,-6900,0,0,0,8300,76800
2024,12,218,414060,-55333.36,0,0,8866.58,-43300,324293.22
2024,12,364,0,0,0,0,0,0,0
2024,12,365,125000,0,0,0,0,-21700,103300
2024,12,367,51250,0,0,0,5017.27,104950,161217.27
2024,12,403,4800,-13300,0,0,0,-13320,-21820
2024,12,404,0,0,0,0,0,0,0
2024,12,520,10300,0,0,0,0,0,10300
2024,12,536,0,0,0,0,0,7000,7000
2025,1,113,197633.32,102235,0,0,1275.33,20323.95,321467.6
2025,1,114,171250,6600,0,0,0,78518,256368
2025,1,117,0,0,0,0,0,8900,8900
2025,1,160,64333.32,0,10700,0,0,78666.66,153699.98
2025,1,190,19000,0,0,0,0,8033.33,27033.33
2025,1,215,69699.98,65250,0,0,0,35200,170149.98
2025,1,216,73700,2500,0,0,0,97000,173200
2025,1,218,118793.32,57000,0,0,0,62200,237993.32
2025,1,364,0,0,0,0,8820.96,0,8820.96
2025,1,365,95300,0,0,0,0,25100,120400
2025,1,367,107000,0,0,0,5344.24,92350,204694.24
2025,1,403,2600,0,0,0,0,0,2600
2025,1,404,0,0,0,0,0,0,0
2025,1,520,5200,0,0,0,0,0,5200
2025,1,536,0,0,0,0,0,0,0
2025,2,113,228499.98,65081.66,0,0,0,-5393.32,288188.32
2025,2,114,92600,12800,0,0,5523.12,154199.31,265122.43
2025,2,117,15830,0,0,0,0,37593.33,53423.33
2025,2,160,20066.66,0,-3566.67,0,0,-4200,12299.99
2025,2,190,0,0,0,0,0,7500,7500
2025,2,215,183455,84050,0,0,0,21680,289185
2025,2,216,86383.32,9000,0,0,0,25466.68,120850
2025,2,218,136390,55850,0,0,55182.62,62970,310392.62
2025,2,364,0,0,0,0,0,18100,18100
2025,2,365,51400,0,0,0,7871.14,37700,96971.14
2025,2,367,65500,34000,0,0,0,18083.32,117583.32
2025,2,403,12000,0,0,0,0,0,12000
2025,2,404,0,0,0,0,0,0,0
2025,2,520,24150,0,0,0,0,8300,32450
2025,2,536,0,0,0,0,0,7500,7500
2025,3,113,286799.98,115983.33,0,0,25980.19,21243.32,450006.82
2025,3,114,152233.32,22800,0,0,0,193573.95,368607.27
2025,3,117,15073,0,0,0,0,-51060,-35987
2025,3,160,29900,0,0,0,0,36300,66200
2025,3,190,0,0,0,0,0,7500,7500
2025,3,215,119875,108625,0,0,21984.26,90216.66,340700.92
2025,3,216,13399.98,9000,0,0,59255.68,183.32,81838.98
2025,3,218,136870,68850,28400,0,65356.12,146460,445936.12
2025,3,364,0,15750,0,0,0,18100,33850
2025,3,365,87150,0,0,0,0,51900,139050
2025,3,367,65500,34000,0,8417,0,64817,172734
2025,3,403,12000,0,0,0,0,0,12000
2025,3,404,0,0,0,0,0,0,0
2025,3,520,77600,0,0,0,6791.5,14100,98491.5
2025,3,536,0,0,0,0,0,7500,7500
2025,4,113,220949.98,124233.33,42000,0,4794,1620.01,393597.32
2025,4,114,159133.33,37600,11400,8585.34,0,193961.33,410680
2025,4,117,18446.47,0,0,0,0,15179.59,33626.06
2025,4,160,49066.66,0,9900,0,0,33500,92466.66
2025,4,190,0,0,0,0,0,7500,7500
2025,4,215,111124.98,94525,0,0,0,73283.32,278933.3
2025,4,216,140600,9000,0,0,0,13150,162750
2025,4,218,99450,50350,9700,0,78261.46,76900,314661.46
2025,4,364,0,15750,0,0,0,21585.82,37335.82
2025,4,365,85900,0,0,0,0,38850,124750
2025,4,367,88666.65,34000,0,2096.74,2669.74,16199.98,143633.11
2025,4,403,31400,0,0,0,0,-10500,20900
2025,4,404,0,0,0,0,0,0,0
2025,4,520,91599.98,0,0,0,0,8100,99699.98
2025,4,536,0,0,0,0,0,7500,7500
2025,5,113,366443.32,72100.01,72000,0,8233.54,-256979.99,261796.88
2025,5,114,611366.67,116300,11400,0,4713.52,-37518.42,706261.77
2025,5,117,12774.59,0,0,0,0,-11405,1369.59
2025,5,160,97366.66,0,19800,0,0,-7900,109266.66
2025,5,190,0,0,0,0,0,7500,7500
2025,5,215,338875,108825,0,0,920.6,-208263.82,240356.78
2025,5,216,301366.64,14833.33,0,0,0,-2550,313649.97
2025,5,218,300200,38850,3233.32,0,134101.91,36633.36,513018.59
2025,5,364,8500,15750,0,0,0,-37000,-12750
2025,5,365,193333.32,31500,0,0,0,72190,297023.32
2025,5,367,82200,34000,0,0,0,-30000,86200
2025,5,403,10400,0,0,0,0,0,10400
2025,5,404,0,0,0,0,0,0,0
2025,5,520,117500,0,0,0,0,53200,170700
2025,5,536,0,0,0,0,0,7500,7500
2025,6,113,293903.32,86000,0,0,4008.18,42236.68,426148.18
2025,6,114,295322.5,80100,-3800,0,6396.92,41862.5,419881.92
2025,6,117,18931.5,7200,0,0,0,46309.5,72441
2025,6,160,53700,4700,6600,0,0,71700,136700
2025,6,190,13000,0,0,0,0,7500,20500
2025,6,215,149687.5,84775,0,0,2599.03,-45250,191811.53
2025,6,216,60099.98,12200,0,0,2311.66,24333.32,98944.96
2025,6,218,222800,50350,-9700,0,69940.14,228200,561590.14
2025,6,364,0,15750,0,0,4142.7,0,19892.7
2025,6,365,139250,15750,0,0,0,57830,212830
2025,6,367,40179,0,0,0,0,-2950,37229
2025,6,403,0,0,0,0,0,0,0
2025,6,404,0,0,0,0,0,0,0
2025,6,520,130500,0,0,0,0,4000,134500
2025,6,536,0,0,0,0,0,9500,9500
2025,7,113,324770,94700,0,0,25081.49,88630,533181.49
2025,7,114,363316.66,79500,10300,0,284.2,41244.23,494645.09
2025,7,117,7798.75,7200,0,10762.5,0,55018,80779.25
2025,7,160,142416.66,4700,9900,0,506.22,41200,198722.88
2025,7,190,23500,0,0,0,0,18000,41500
2025,7,215,153408.32,102425,0,0,1724.38,-28716.65,228841.05
2025,7,216,68783.33,12200,0,0,1883.94,7683.33,90550.6
2025,7,218,248883.32,50350,0,0,29563,315700,644496.32
2025,7,364,0,15750,0,0,0,0,15750
2025,7,365,197333.32,15750,0,0,0,13430,226513.32
2025,7,367,94850,0,0,-8417,0,-41300,45133
2025,7,403,0,0,0,0,0,0,0
2025,7,404,0,0,0,0,0,0,0
2025,7,520,115000,0,0,0,0,-7800,107200
2025,7,536,11800,0,0,0,0,7200,19000
2025,8,113,471954.16,108475,0,0,253.6,-118540,462142.76
2025,8,114,331670,1900,0,0,1193.5,-50642.83,284120.67
2025,8,117,29402,7200,0,0,0,52530,89132
2025,8,160,84050,4700,53900,0,0,62616.68,205266.68
2025,8,190,23500,0,0,0,0,36000,59500
2025,8,215,82000,120200,0,0,7478.09,18500,228178.09
2025,8,216,43650,12200,0,0,1150.2,19050,76050.2
2025,8,218,718132.81,34350,0,0,51632.85,26616.66,830732.32
2025,8,364,0,15750,0,0,0,0,15750
2025,8,365,163082.01,15750,0,0,0,27666.66,206498.67
2025,8,367,66950,0,0,0,0,-38250,28700
2025,8,403,0,0,0,0,0,0,0
2025,8,520,101916.66,0,0,12360,0,64200,178476.66
2025,8,536,9500,0,0,0,0,7200,16700
2025,9,113,350820.41,120525,0,5433.75,6251.61,69222.5,552253.27
2025,9,114,327250,106266.66,0,0,47142.32,68500,549158.98
2025,9,117,25000,14400,0,0,0,16368,55768
2025,9,160,129850,4700,31900,0,0,46950,213400
2025,9,190,-28500,0,0,0,2387,28500,2387
2025,9,215,157030,32850,10960,0,1374.5,56620,258834.5
2025,9,216,71583.33,-11633.33,0,0,4008.18,13000,76958.18
2025,9,218,378400,45200,0,0,78507.42,108366.66,610474.08
2025,9,364,0,15750,0,0,0,0,15750
2025,9,365,173066.65,15750,0,0,0,0,188816.65
2025,9,367,87450,0,0,0,939.9,28500,116889.9
2025,9,403,0,0,0,0,0,0,0
2025,9,520,56183.32,0,0,0,0,13933.32,70116.64
2025,9,536,9500,0,0,0,0,0,9500
