Year,Period,Branch,Equipment,Rental,Parts,Service,Total
2019,1,113,1065056.28,144796.66,390539.62,219139.55,1819532.11
2019,1,114,751218.22,200244.66,567604.23,301549.29,1820616.4
2019,1,117,162231,80050,124337.52,66993.27,433611.79
2019,1,160,217581.1,197808.34,432728.57,122928.6,971046.61
2019,1,190,1067900,85500,0,0,1153400
2019,1,215,1014358,39567.66,480435.68,199946.31,1734307.65
2019,1,216,174650,33500,171901.08,130271.9,510322.98
2019,1,218,645527.9,355275,272817.85,144596.08,1418216.83
2019,1,364,1042612.03,108800,38874.26,42642.5,1232928.79
2019,1,365,747434,347901.32,362640.14,250949.25,1708924.71
2019,1,366,5748.06,0,0,0,5748.06
2019,1,367,1081252.13,270134.39,926491.3,318877.58,2596755.4
2019,1,401,144243.05,21271.52,67882.58,25517.43,258914.58
2019,1,403,1291.67,6750,112532.29,34940.79,155514.75
2019,1,404,26944.5,87583.33,25016.98,29037.93,168582.74
2019,1,520,7717,107706.66,117682.58,71771.27,304877.51
2019,1,536,24796.25,0,83118.53,40914.96,148829.74
2019,2,113,444666.24,170090,383858.62,226728.46,1225343.32
2019,2,114,1526638.69,191208,556310.28,297709.97,2571866.94
2019,2,117,14172,63775,175033.47,73077.68,326058.15
2019,2,160,26899.77,153470,297085.02,150247.03,627701.82
2019,2,190,2281764.75,49000,-38.48,0,2330726.27
2019,2,215,95111,27807.66,341901.33,183907.18,648727.17
2019,2,216,5016564,33500,235682.31,145819.19,5431565.5
2019,2,218,2716135,329216.66,174149.34,109534.46,3329035.46
2019,2,364,1856007,110893.32,46293.14,51274.09,2064467.55
2019,2,365,830450,309295.66,358519.1,220111.73,1718376.49
2019,2,366,5748.06,0,0,0,5748.06
2019,2,367,628281,219392.16,713673.97,319886.18,1881233.31
2019,2,401,72393.05,21862.16,42823.37,7691.43,144770.01
2019,2,403,196569.67,7575,32850.91,28749.87,265745.45
2019,2,404,93206.79,74450,29788.46,16576.75,214022
2019,2,520,408257,46119.99,261323.06,80819.25,796519.3
2019,2,536,468383,35600,70543.29,56756.44,631282.73
2019,3,113,1199742.98,271068.01,448995.91,259585.11,2179392.01
2019,3,114,1548130.25,303068,643429.97,265771.92,2760400.14
2019,3,117,295651.81,73825,203343.56,90985.02,663805.39
2019,3,160,784866.69,134490,300510.43,182663.6,1402530.72
2019,3,190,2599882,56250,0,0,2656132
2019,3,215,613084,34591,370143.18,203193.52,1221011.7
2019,3,216,150891,83225,248926.63,184879.63,667922.26
2019,3,218,1606097,377250,356628.48,173802.75,2513778.23
2019,3,364,3849018,158577.5,160453.85,90162.5,4258211.85
2019,3,365,1500765,355676.32,304762.07,188227.73,2349431.12
2019,3,366,5748.06,0,0,0,5748.06
2019,3,367,2394843.47,117351.65,711526.11,322951.18,3546672.41
2019,3,401,11043.05,35284,155800.69,14853.68,216981.42
2019,3,403,1291.67,12075,42059.9,23822.38,79248.95
2019,3,404,10076.5,5416.63,38035.61,27581.75,81110.49
2019,3,520,992985,52595,243020.97,77529.16,1366130.13
2019,3,536,956476,30770,98469.06,27995.38,1113710.44
2019,4,113,1584748,290476.33,388168.53,201915.82,2465308.68
2019,4,114,1065847.25,342283.98,564034.61,334838.84,2307004.68
2019,4,117,1171933.45,77536.66,230748.84,102703.52,1582922.47
2019,4,160,1215945.5,168290,269440.5,163193.76,1816869.76
2019,4,190,1643190.5,189250,0,0,1832440.5
2019,4,215,444378,17209,466832.63,243369.17,1171788.8
2019,4,216,1845,69166.66,184759.1,201353.42,457124.18
2019,4,218,1859302,324623.32,176002.13,119257.29,2479184.74
2019,4,364,1554990,141610,151079.57,66417.98,1914097.55
2019,4,365,2220624,380874,305674.11,213666.55,3120838.66
2019,4,366,5748.06,0,0,0,5748.06
2019,4,367,1479568.87,183703.32,568330.54,308216.38,2539819.11
2019,4,401,63443.05,29784,41030.29,7765.68,142023.02
2019,4,403,3533.67,7575,26966.52,16786.68,54861.87
2019,4,404,6076.5,27883.32,35882.09,49640.25,119482.16
2019,4,520,833281.13,65603.64,196804.54,81265.03,1176954.34
2019,4,536,0,11570,80167.11,71110.48,162847.59
2019,5,113,2410776.78,327353.82,516579.23,264811.41,3519521.24
2019,5,114,1988733,338210.66,606885.12,352641.62,3286470.4
2019,5,117,490688,92450,285055.44,80781.94,948975.38
2019,5,160,5420950.17,121602.49,317362.8,149479.44,6009394.9
2019,5,190,1377041,146500,0,0,1523541
2019,5,215,39547,69150,462671.84,235980.83,807349.67
2019,5,216,776121,191500,249852.32,198214.24,1415687.56
2019,5,218,1595676.02,241201,294092.28,129797.87,2260767.17
2019,5,364,4312586,131476.66,203244.91,84858.54,4732166.11
2019,5,365,772702,545265.11,533722.32,195277.79,2046967.22
2019,5,366,5748.06,0,0,0,5748.06
2019,5,367,2135170,181128.33,696243.91,311310.69,3323852.93
2019,5,401,4843.05,42534,51439.16,34093,132909.21
2019,5,403,1291.67,8325,40946.86,17990.71,68554.24
2019,5,404,739076.5,34350,12742.62,20890,807059.12
2019,5,520,34802,71545,194899.33,87421.38,388667.71
2019,5,536,714751.42,20765,130001.99,53801.07,919319.48
2019,6,113,1807845.99,235183.88,440514.11,199168.49,2682712.47
2019,6,114,2097647.74,322996.32,547187.82,292119.74,3259951.62
2019,6,117,961056.4,52016.66,231609.75,105915.34,1350598.15
2019,6,160,1503790.69,98544.17,258102.77,141540.17,2001977.8
2019,6,190,3193591,137750,0,0,3331341
2019,6,215,376940,146800,532598.44,201322.2,1257660.64
2019,6,216,150150,150315,289233.57,182263.08,771961.65
2019,6,218,2617637.52,212571.51,215485.05,138691.8,3184385.88
2019,6,364,1480959,131660,176004.08,82088.18,1870711.26
2019,6,365,1062774,361236.31,388064.88,261398.92,2073474.11
2019,6,366,5748.06,0,0,0,5748.06
2019,6,367,2614577,155738.13,494521.73,326848.35,3591685.21
2019,6,401,105343.05,123084,65317,13541.08,307285.13
2019,6,403,74616.67,21825,146452.6,41949.16,284843.43
2019,6,404,27276.5,50049.98,55919.58,34671.75,167917.81
2019,6,520,266800,40245,193508.12,67022.72,567575.84
2019,6,536,317959.76,11095,139013.63,56143.76,524212.15
2019,7,113,1864096,185825.92,584131.71,261393.86,2895447.49
2019,7,114,2286872.56,458429.27,482878.55,313273.34,3541453.72
2019,7,117,448940,43750,143168.79,77558.43,713417.22
2019,7,160,620692.69,104140,303004.62,147380.1,1175217.41
2019,7,190,4263622,-59750,16.05,0,4203888.05
2019,7,215,489710,116583.32,610863.93,294877.58,1512034.83
2019,7,216,684325,55400,240525.02,192187.21,1172437.23
2019,7,218,1146414.61,287071.76,255577.93,125792.29,1814856.59
2019,7,364,7405,181610,144585.66,75997.5,409598.16
2019,7,365,714825,446729.94,396117.88,270972.39,1828645.21
2019,7,366,5748.06,0,0,0,5748.06
2019,7,367,605350,134031.51,566215.52,248423.72,1554020.75
2019,7,401,157343.05,139884,39527.43,11247,348001.48
2019,7,403,2791.67,57075,31634.19,13050.64,104551.5
2019,7,404,273076.5,70466.66,87089.49,43299.59,473932.24
2019,7,520,166000,165026.66,264991.81,80856.93,676875.4
2019,7,536,312229.51,22300,134296.33,50636.42,519462.26
2019,8,113,848184.06,171594.91,573084.47,290870.76,1883734.2
2019,8,114,2731372.85,449295.14,574375.67,382888.28,4137931.94
2019,8,117,396950,52483.33,197080.05,72291.96,718805.34
2019,8,160,1220272.69,100248.95,328893.87,140238.41,1789653.92
2019,8,190,71000,106750,0,0,177750
2019,8,215,111650,79400,401437.37,175552.22,768039.59
2019,8,216,2260853,54500,198491.82,162659.86,2676504.68
2019,8,218,2122730,262265.31,227254.52,76116.37,2688366.2
2019,8,364,160750,189995,165464.45,68693.41,584902.86
2019,8,365,3058947,468810.46,412900.18,230241.98,4170899.62
2019,8,366,5748.06,0,0,0,5748.06
2019,8,367,211781,183935.42,517422.05,233187.78,1146326.25
2019,8,401,4843.05,48634,117457.09,73291.25,244225.39
2019,8,403,19291.67,87500,40729.17,26616,174136.84
2019,8,404,2751.5,103833.32,35696.5,39828.5,182109.82
2019,8,520,24770,103606.66,236679.83,76045.92,441102.41
2019,8,536,781344.47,32966.66,97227.27,34178.37,945716.77
2019,9,113,1541186,117634.96,553230.56,275445.91,2487497.43
2019,9,114,4422082.75,429392.73,584358.73,331104.99,5766939.2
2019,9,117,5638292,27450,210292.68,91149.02,5967183.7
2019,9,160,1747257.36,92925,355540.35,160596.84,2356319.55
2019,9,190,1448454.42,128250,0,0,1576704.42
2019,9,215,58500,78050,439852.94,176223.6,752626.54
2019,9,216,2885922.84,31768.75,258008.55,186868.08,3362568.22
2019,9,218,2031670,262533.32,277734.2,129120.17,2701057.69
2019,9,364,7346,173635,134502.13,76529,392012.13
2019,9,365,12250,355265.41,362116.02,200346.62,929978.05
2019,9,366,5748.06,0,0,0,5748.06
2019,9,367,1466572.14,243878.13,458116.87,243492.28,2412059.42
2019,9,401,24593.05,34917.32,80384.85,32387.25,172282.47
2019,9,403,50291.67,59266.66,49694,15249,174501.33
2019,9,404,-19260.5,115100,49168.14,35878.75,180886.39
2019,9,520,0,68895.22,239872.24,61308.14,370075.6
2019,9,536,-501974.47,39600,206964.26,61210.63,-194199.58
2019,10,113,1121783.89,224115.31,496659.54,294289.42,2136848.16
2019,10,114,1577912.77,576596.88,629057.27,369188.45,3152755.37
2019,10,117,574077,33933.32,208970.7,80557.39,897538.41
2019,10,160,628055.69,108830,377344.26,197252.26,1311482.21
2019,10,190,1002120,96749.97,0,0,1098869.97
2019,10,215,1330970.68,143550,359328.87,244063.28,2077912.83
2019,10,216,30450,44737.5,220813.74,142771.55,438772.79
2019,10,218,2731284.17,241299.47,305395.38,137584.69,3415563.71
2019,10,364,894244.62,78174.99,225888.97,97141.86,1295450.44
2019,10,365,879435,334160.5,452635.02,242959.4,1909189.92
2019,10,366,3754.58,0,0,0,3754.58
2019,10,367,1582429,254535.4,587102.95,329603.52,2753670.87
2019,10,401,8210.18,44333.99,75951.8,24997.75,153493.72
2019,10,403,1291.67,138950,30871.01,30817.5,201930.18
2019,10,404,5500,156383.33,39474.14,31432.3,232789.77
2019,10,520,74875,85321.66,185178.65,80781.92,426157.23
2019,10,536,777636.99,34003.33,129678.66,50319.57,991638.55
2019,11,113,2802908.42,88708.33,545335.02,225774.08,3662725.85
2019,11,114,1656239.34,381885.33,439358.95,284277.28,2761760.9
2019,11,117,389485,74490.63,204573.26,71428.49,739977.38
2019,11,160,2720524.61,111646.66,229815.25,171231.64,3233218.16
2019,11,190,2047274,62000,0,0,2109274
2019,11,215,0,-17808.35,377510.14,162592.61,522294.4
2019,11,216,2855,28050,165044.63,121152.44,317102.07
2019,11,218,2475790,192474.98,164413.25,102718.81,2935397.04
2019,11,364,4216493,129473.44,170874.61,104121.5,4620962.55
2019,11,365,751500,278135.95,322332.48,176320.02,1528288.45
2019,11,366,3754.58,0,0,0,3754.58
2019,11,367,1694878.72,191868.75,616158.12,295499.64,2798405.23
2019,11,401,864569.05,16834,47329.56,30397,959129.61
2019,11,403,1291.67,2349.99,40073.05,24491,68205.71
2019,11,404,90000,-30013.77,39689.57,51708.75,151384.55
2019,11,520,750,110735,105756.31,51749.7,268991.01
2019,11,536,379537,38775,98538.55,50651.97,567502.52
2019,12,113,1280308.27,112888.54,489785.9,250243,2133225.71
2019,12,114,5076575.71,175821.97,555572.67,326523.89,6134494.24
2019,12,117,7456046,27700,180760.06,136017.31,7800523.37
2019,12,160,4937637.04,66805,344200.21,206272.89,5554915.14
2019,12,190,1411800.33,64000,-20748.6,0,1455051.73
2019,12,215,685096.28,3100,406356.39,224868.01,1319420.68
2019,12,216,1569187,33500,173463.69,114630.69,1890781.38
2019,12,218,2632756.17,162158.31,237561.34,112008.48,3144484.3
2019,12,364,7046983.68,111515.86,198550.49,68265.16,7425315.19
2019,12,365,5184335,235542.38,412682.68,234870.82,6067430.88
2019,12,366,12435.02,0,0,0,12435.02
2019,12,367,4100098,156635.63,548372.64,266348.78,5071455.05
2019,12,401,113393.05,16234,77745.91,27117.75,234490.71
2019,12,403,157791.67,17416.66,101735.69,28926,305870.02
2019,12,404,112850.14,16633.32,45563.78,29658.57,204705.81
2019,12,520,675780,40118.32,274503.94,106937.46,1097339.72
2019,12,536,407788.31,24175,204185.73,67485.99,703635.03
2020,1,113,1682544.5,164725,576722.7,228871.59,2652863.79
2020,1,114,646346.56,227834.26,539603.35,319211.31,1732995.48
2020,1,117,0,46300,253263.54,86136.04,385699.58
2020,1,160,390760.69,68905,302693.56,211129.08,973488.33
2020,1,190,367100,135500,0,0,502600
2020,1,215,0,35055.99,319437.47,128715.75,483209.21
2020,1,216,740411.67,72100,231867.29,111632.05,1156011.01
2020,1,218,1315980,338046,253916.86,111457.26,2019400.12
2020,1,364,0,52980.88,145472.29,79077.87,277531.04
2020,1,365,129050,257405.15,376918.47,224139.82,987513.44
2020,1,366,5748.06,0,0,0,5748.06
2020,1,367,1008100,181132.31,651405.43,282162.19,2122799.93
2020,1,401,296566.05,9234,77302.02,28495.67,411597.74
2020,1,403,2125,25215,103080.52,33321.25,163741.77
2020,1,404,27500,57933.33,29543.86,25884.75,140861.94
2020,1,520,71110,58500,123423.43,69454.95,322488.38
2020,1,536,175310,38075,92214.48,46058.72,351658.2
2020,2,113,3568916,166477.63,382235.56,250901.82,4368531.01
2020,2,114,1604665,187692.89,518840.79,329282.44,2640481.12
2020,2,117,0,41800,79546.24,173920.11,295266.35
2020,2,160,16531.12,83362.81,283414.92,157705,541013.85
2020,2,190,494517.5,156000,545.9,0,651063.4
2020,2,215,0,-3433.34,393358.63,182521.44,572446.73
2020,2,216,402353,116600.5,172756.08,143069.11,834778.69
2020,2,218,547356,329580.66,216578.82,105484.39,1198999.87
2020,2,364,40600,118789.06,157345.52,75841.46,392576.04
2020,2,365,498695,165790.43,332095.63,161341.26,1157922.32
2020,2,366,4073.06,0,0,0,4073.06
2020,2,367,1769701,210568.24,492597.74,301722.53,2774589.51
2020,2,401,48843.05,10884,52530.2,20513.82,132771.07
2020,2,403,11075,31215,170191.46,25209.25,237690.71
2020,2,404,0,97250,46287.49,21542.25,165079.74
2020,2,520,0,42100,280825.94,72027.57,394953.51
2020,2,536,0,-4775.02,131735.95,66665.19,193626.12
2020,3,113,2099903.13,283037.13,514727,289824.51,3187491.77
2020,3,114,1431108.19,211747.29,524543.78,309545.14,2476944.4
2020,3,117,0,113450,226486.59,188755.23,528691.82
2020,3,160,597122.98,63421.66,261910.66,207939.75,1130395.05
2020,3,190,780308.4,150000,0,0,930308.4
2020,3,215,239485,0,439647.52,246666.19,925798.71
2020,3,216,457631,197600,230403.96,113116.91,998751.87
2020,3,218,1104408.07,281102.34,305865.84,133478.45,1824854.7
2020,3,364,834255,122795.47,222840.96,113191.15,1293082.58
2020,3,365,8745.11,166438.13,267189.54,186073.36,628446.14
2020,3,366,4073.06,0,0,0,4073.06
2020,3,367,2675358,168216.39,613015.83,309779.9,3766370.12
2020,3,401,583517.05,12534,44192.84,25274.92,665518.81
2020,3,403,2125,-2000,51412.59,28229.96,79767.55
2020,3,404,0,60816.66,54354.76,25101.25,140272.67
2020,3,520,20639,52410,117383.22,81735.64,272167.86
2020,3,536,237775,15602.5,128481.62,65588.33,447447.45
2020,4,113,1795093.82,291647.5,438623.3,290286.68,2815651.3
2020,4,114,1628279,296293,627677.79,338249.35,2890499.14
2020,4,117,0,104000,186107.39,115946.37,406053.76
2020,4,160,152438.69,21373.33,300286.22,230281.47,704379.71
2020,4,190,360751,135000,0,0,495751
2020,4,215,29300,0,386003.89,163320.03,578623.92
2020,4,216,347590,202600,328743.19,148137.23,1027070.42
2020,4,218,1208322.67,269816.88,340833.04,156548.86,1975521.45
2020,4,364,1461589,126721.37,185528.73,100893.12,1874732.22
2020,4,365,650150,180119.38,309625.02,227105.39,1366999.79
2020,4,366,4073.06,0,0,0,4073.06
2020,4,367,823650,172003.13,437485.24,240603.01,1673741.38
2020,4,401,549988.05,4434,66909.94,5547.77,626879.76
2020,4,403,2125,-18000,46006.21,10663.9,40795.11
2020,4,404,0,48283.08,32555.93,23423.43,104262.44
2020,4,520,303162,89115,131571.86,78488.65,602337.51
2020,4,536,31849,133958.32,124554.1,61789.05,352150.47
2020,5,113,3226053.05,181390.06,506855,269204.94,4183503.05
2020,5,114,1161427.66,317025.74,508680.22,297715.37,2284848.99
2020,5,117,0,63375,211478.94,103363.56,378217.5
2020,5,160,1416619.69,78405,237027.54,193909.2,1925961.43
2020,5,190,251550,187500,0,0,439050
2020,5,215,519437.1,0,302765.71,169570.54,991773.35
2020,5,216,139444.36,137007.54,260448.29,117116.94,654017.13
2020,5,218,1204913,233919.45,234223.24,117904.34,1790960.03
2020,5,364,2663025,118020.28,214297.79,93734.08,3089077.15
2020,5,365,1518849,195995.63,560255.91,259580.44,2534680.98
2020,5,366,4073.06,0,0,0,4073.06
2020,5,367,97675,265874.89,690724.57,320135.03,1374409.49
2020,5,401,31725,7884,187968.34,78106.17,305683.51
2020,5,403,1500,14400,44399.15,13114.64,73413.79
2020,5,404,0,10431.32,22304.14,11228.12,43963.58
2020,5,520,287533,70193.33,139029.38,83826.78,580582.49
2020,5,536,196496,45755.23,92475.6,61496.51,396223.34
2020,6,113,2732492.98,223675.61,399479.45,269413.74,3625061.78
2020,6,114,1258783.28,410098.32,635154.41,360804.71,2664840.72
2020,6,117,722575,69141.66,144277.7,107435.29,1043429.65
2020,6,160,1042167.78,74225,271090.3,222275.31,1609758.39
2020,6,190,2497761.49,133500,0,0,2631261.49
2020,6,215,205012,0,434073.01,283876.63,922961.64
2020,6,216,1571788,127759.23,278236.78,144480.57,2122264.58
2020,6,218,1957655,181928.13,223113.78,114647.74,2477344.65
2020,6,364,0,141755.17,233559.51,109103.85,484418.53
2020,6,365,687375,177770,279322.84,223862.31,1368330.15
2020,6,366,4073.06,0,0,0,4073.06
2020,6,367,222285,231326.51,450489.53,292451.88,1196552.92
2020,6,401,466636.98,53004,51883.29,22448.67,593972.94
2020,6,403,1458.33,18900,105189.52,18389.5,143937.35
2020,6,404,0,28083.32,45950.17,15848,89881.49
2020,6,520,842011,52198.69,207111.19,88185.32,1189506.2
2020,6,536,1500,51850,137755.32,71106.51,262211.83
2020,7,113,4135822.29,233433.97,415994.05,276865.61,5062115.92
2020,7,114,3915944.7,348858.29,516259.24,328958.8,5110021.03
2020,7,117,208325,80915,131399.95,115062,535701.95
2020,7,160,8235.69,120899.52,309362.26,234914.49,673411.96
2020,7,190,397850,185500,643.07,0,583993.07
2020,7,215,121800,9500,357434.07,153660.91,642394.98
2020,7,216,9080705,252275,280197.65,166234.24,9779411.89
2020,7,218,3516323.5,103568.53,279710.65,153133.5,4052736.18
2020,7,364,1171111,128094.21,223982.38,143287.43,1666475.02
2020,7,365,1255310,203825,291722.44,165956.24,1916813.68
2020,7,366,4073.06,0,0,0,4073.06
2020,7,367,1322000,157807.98,626653.76,308791.99,2415253.73
2020,7,401,337615.65,36567.34,48247.66,21762.67,444193.32
2020,7,403,2608.33,3500,80658.2,31753.82,118520.35
2020,7,404,0,8200,7140.34,9536.75,24877.09
2020,7,520,142350,53168.32,158696.26,89433.28,443647.86
2020,7,536,80124,27825,148745.98,60829.43,317524.41
2020,8,113,1891207.79,198311.83,510306.78,278445.88,2878272.28
2020,8,114,1446417,429683.63,670516.56,408989.36,2955606.55
2020,8,117,990573,55336.66,155322.18,115367.66,1316599.5
2020,8,160,97744.69,53978.32,232959.3,210377.43,595059.74
2020,8,190,2287745,80500,0,0,2368245
2020,8,215,51445.92,19000,445291.74,184912.42,700650.08
2020,8,216,767030,467407.62,336070.97,165801.2,1736309.79
2020,8,218,1620292.27,168280,297688.92,126225.4,2212486.59
2020,8,364,817568,112601.4,172791.3,114558.04,1217518.74
2020,8,365,2613535,159936.25,210034.67,138700.51,3122206.43
2020,8,367,2862609.06,264616.91,466868.38,271002.84,3865097.19
2020,8,401,600122.22,19910.56,121441.94,27833.67,769308.39
2020,8,403,1458.33,12900,70858.7,18324,103541.03
2020,8,404,26312.89,9300,12050.36,10530,58193.25
2020,8,520,775701,45908.33,139382.73,90102.73,1051094.79
2020,8,536,279226,-2175,139504.32,64365.69,480921.01
2020,9,113,1321529.97,162068.73,590862.23,314229.62,2388690.55
2020,9,114,3482979.85,340147,598780.88,398055.74,4819963.47
2020,9,117,5537875,56908.32,206917.64,115488.72,5917189.68
2020,9,160,584300.21,56470,354402.13,250844.51,1246016.85
2020,9,190,1761642.9,143500,0,0,1905142.9
2020,9,215,83024.44,42666.66,326637.57,171467.68,623796.35
2020,9,216,0,411173.75,266701.79,145767.21,823642.75
2020,9,218,1240850,252105,208039.55,115012.28,1816006.83
2020,9,364,15500,78362.2,162192.99,109233.69,365288.88
2020,9,365,3333745,140648,240878.41,183667.5,3898938.91
2020,9,366,17473.06,0,0,0,17473.06
2020,9,367,773272,244275,508344.84,330028,1855919.84
2020,9,401,0,7484,7001.47,13312.42,27797.89
2020,9,403,248258.33,21000,72970.38,23776.75,366005.46
2020,9,404,0,17199.98,18344.19,34004.53,69548.7
2020,9,520,668334,54225,197266.15,94497.2,1014322.35
2020,9,536,200189.44,12825,94200.19,55894.01,363108.64
2020,10,113,1765310,233026.29,601064.87,330204.19,2929605.35
2020,10,114,4557214.68,465772.98,625933.28,330965.3,5979886.24
2020,10,117,405000,84458.33,234370.09,126309.83,850138.25
2020,10,160,731877.57,45603.32,302271.01,248043.28,1327795.18
2020,10,190,1548800,80500,0,0,1629300
2020,10,215,878838,29000,450846.13,224813.13,1583497.26
2020,10,216,8975130.43,332960,287121.01,152112.92,9747324.36
2020,10,218,2069599,283330,243079.58,137352.3,2733360.88
2020,10,364,1601679,106310.18,215534.27,103918.78,2027442.23
2020,10,365,452639.89,171329.36,259349.14,223172.79,1106491.18
2020,10,366,3754.58,0,0,0,3754.58
2020,10,367,102822,267576.04,537306.01,368826.05,1276530.1
2020,10,401,0,2234,11152.25,8186.17,21572.42
2020,10,403,77598.33,10847.64,51340.15,23964.54,163750.66
2020,10,404,213455,6916.67,27747.18,97.5,248216.35
2020,10,520,149426,137450,197499.19,103838.8,588213.99
2020,10,536,546860,43921.24,103478.44,45031.91,739291.59
2020,11,113,113211,171160,528728.17,346677.94,1159777.11
2020,11,114,2839806.28,344195.65,566404.22,296303.76,4046709.91
2020,11,117,2714184,69108.32,172275.01,85327.65,3040894.98
2020,11,160,398864.77,65720,282649.49,201978.4,949212.66
2020,11,190,1962775,-56000,0,0,1906775
2020,11,215,151857,67006.66,444697.18,166376.14,829936.98
2020,11,216,2619135,226203.75,214334.93,169978.5,3229652.18
2020,11,218,3443448.56,239815.3,211556.15,95488.66,3990308.67
2020,11,364,217250,92461.39,257874.58,73463.49,641049.46
2020,11,365,2226280.9,130200,198668.84,146978.47,2702128.21
2020,11,366,3754.58,0,0,0,3754.58
2020,11,367,17350,178725.22,442063.61,247252.69,885391.52
2020,11,401,0,1100,1453.68,291.17,2844.85
2020,11,403,157343.33,8315,49033.54,7477.75,222169.62
2020,11,404,0,11843,31360.32,14295,57498.32
2020,11,520,440100,116225,205742.46,93443.05,855510.51
2020,11,536,408027,-4250,93741.56,46024.57,543543.13
2020,12,113,2536462.25,116038.54,615537.45,341284.78,3609323.02
2020,12,114,3864064.36,330758.48,578308.58,338443.73,5111575.15
2020,12,117,693623,39150,136691.61,74422.54,943887.15
2020,12,160,6041189.25,-41676.68,275172.23,218612.73,6493297.53
2020,12,190,3536688.86,-631000,-2268.04,0,2903420.82
2020,12,215,356181,24349.9,405819.81,179474.73,965825.44
2020,12,216,2385436,324331.26,232638.19,194289.02,3136694.47
2020,12,218,2645580,189462.2,228931.56,115183.5,3179157.26
2020,12,364,2472289,112266.67,173817.61,82052.17,2840425.45
2020,12,365,2075705,194320.48,230385.99,192159.87,2692571.34
2020,12,366,3754.58,0,0,0,3754.58
2020,12,367,1356693,174997.16,497414.55,289493.03,2318597.74
2020,12,401,0,1100,13437.91,5173.67,19711.58
2020,12,402,8333.33,0,0,0,8333.33
2020,12,403,143410,2530,77115.16,34265.26,257320.42
2020,12,404,132000,17117.33,69958.01,44762.63,263837.97
2020,12,520,635745,130908.32,184691.64,97523.47,1048868.43
2020,12,536,416337.89,-2750,141551.68,48446.47,603586.04
2021,1,113,426222.42,110055.83,443938.68,276301.28,1256518.21
2021,1,114,1917881.88,265918.65,498947.94,313308.96,2996057.43
2021,1,117,1496490,59100,159230.94,91542.49,1806363.43
2021,1,160,1107076.12,18000,213681.33,171377.66,1510135.11
2021,1,190,1392997.9,1000,-25.17,0,1393972.73
2021,1,215,117500,71380,292857.37,202431.84,684169.21
2021,1,216,499436.56,255481.25,209532.06,114601.95,1079051.82
2021,1,218,1594855,191217.5,199051.71,110248.59,2095372.8
2021,1,364,919978,82941.64,171010.8,71036.62,1244967.06
2021,1,365,2482200,103735,233987.15,156563.79,2976485.94
2021,1,366,2404.58,0,0,0,2404.58
2021,1,367,804606,170630,388687.39,200883.44,1564806.83
2021,1,401,0,0,-3797.41,-706.33,-4503.74
2021,1,403,7500,5615,16026.89,9995.25,39137.14
2021,1,404,80000,0.66,39117.97,26629.98,145748.61
2021,1,520,0,103491.66,145812.17,74961.04,324264.87
2021,1,536,17000,1500,146842.45,53185.27,218527.72
2021,2,113,361734.49,49395,592840.14,309726.53,1313696.16
2021,2,114,3881950,267343.55,564194.06,331046.69,5044534.3
2021,2,117,1166305,55475,90452.4,62124.28,1374356.68
2021,2,160,1098983.95,15000,363144.08,210230.44,1687358.47
2021,2,190,1523955,7500,0,0,1531455
2021,2,215,1895422.95,144228.5,441780.68,194651.66,2676083.79
2021,2,216,194600,232425,182781.68,121488.78,731295.46
2021,2,218,87800,124551.95,211261.56,84440.02,508053.53
2021,2,364,2147094,111800.81,112944.12,76198.55,2448037.48
2021,2,365,718261.92,118767.5,200985.06,135902.13,1173916.61
2021,2,366,2404.58,0,0,0,2404.58
2021,2,367,1363868,32600,459486.63,242869.38,2098824.01
2021,2,401,0,0,0,291.17,291.17
2021,2,403,-3800,5615,34419.82,8802,45036.82
2021,2,404,342405,2234,23750.78,11165.5,379555.28
2021,2,520,619654.27,122450,141251.03,75196.95,958552.25
2021,2,536,139771,0,101990.34,33897.45,275658.79
2021,3,113,3001824.69,220247.5,657248.35,287441.84,4166762.38
2021,3,114,7356831,496224.67,732140.84,401782.43,8986978.94
2021,3,117,297650,73000,159251.02,159213.16,689114.18
2021,3,160,1104643.66,30950.4,331481.36,277839.63,1744915.05
2021,3,190,5922650,-63099.8,0,0,5859550.2
2021,3,215,1656502.52,369799.31,422748.75,232628.7,2681679.28
2021,3,216,2091620,260187.5,298067.81,190868.81,2840744.12
2021,3,218,4351808,219168.13,271745.09,120700.56,4963421.78
2021,3,364,4621236,142064.57,168060.21,86144.13,5017504.91
2021,3,365,1108367,175929.5,361939.84,246273.94,1892510.28
2021,3,366,729.58,0,0,0,729.58
2021,3,367,2042301.04,150647.95,522350.83,306124.3,3021424.12
2021,3,401,0,0,0,291.17,291.17
2021,3,403,1455,25371.66,47162.52,28049.15,102038.33
2021,3,404,19182,2234,69931.72,34603.4,125951.12
2021,3,520,1800225,101250,181058.49,98823.26,2181356.75
2021,3,536,291376,4000,146574.78,67891.33,509842.11
2021,4,113,3499616.32,178816.8,734225.32,288272.11,4700930.55
2021,4,114,4537184.9,456766.86,642932.02,344172.6,5981056.38
2021,4,117,1446968.25,-7850,65531,55153.96,1559803.21
2021,4,160,2237280.72,60374.63,359365.6,286402.38,2943423.33
2021,4,190,1868948,70500,0,-1098.92,1938349.08
2021,4,215,1951347,306515.83,247168.69,219893.9,2724925.42
2021,4,216,10952133.32,116800,243185.71,171768.75,11483887.78
2021,4,218,1470457,217156.64,275526.84,138408.88,2101549.36
2021,4,364,1789769.73,57786.01,91131.42,65341.74,2004028.9
2021,4,365,1409917,168170,276582.56,132767.03,1987436.59
2021,4,366,729.58,0,0,0,729.58
2021,4,367,3038027.06,297897.44,537104.69,234487.08,4107516.27
2021,4,401,0,0,0,291.17,291.17
2021,4,403,8400,21900,45628.39,23331.79,99260.18
2021,4,404,133750,56644.24,18996.87,28186.25,237577.36
2021,4,520,194290,86650,215700.6,81553.15,578193.75
2021,4,536,104339,10680,160983.41,40689.13,316691.54
2021,5,113,590075.49,262835.51,884044.4,316096.35,2053051.75
2021,5,114,5707209,457241.47,669416.47,344374.45,7178241.39
2021,5,117,0,45950,82081.46,60303.28,188334.74
2021,5,160,2527405.16,54445.88,375491.22,244956.72,3202298.98
2021,5,190,4604543,66500,0,0,4671043
2021,5,215,948025,320201.8,333750.38,203985.96,1805963.14
2021,5,216,2143145,94804.63,309999.11,158190.54,2706139.28
2021,5,218,1135374,195490,326128.42,121320.35,1778312.77
2021,5,364,3305717,51092.64,249727.54,115767.02,3722304.2
2021,5,365,2965470,276812.62,315637.56,238853.3,3796773.48
2021,5,366,729.58,0,0,0,729.58
2021,5,367,4431080.81,199289.47,540562.53,185370.47,5356303.28
2021,5,401,0,0,0,291.17,291.17
2021,5,403,273000,19500,75070.63,50303.21,417873.84
2021,5,404,0,55234,9825.41,18340.46,83399.87
2021,5,520,179500,123275,135006.07,45305.34,483086.41
2021,5,536,162500,10680,123381.31,53184.33,349745.64
2021,6,113,1513663.62,304085,824467.17,366070.59,3008286.38
2021,6,114,1913051,386738.19,724870.83,391604.27,3416264.29
2021,6,117,2033200,43400,195702.31,92231.28,2364533.59
2021,6,160,3313834.14,50157.32,288143.34,256505.05,3908639.85
2021,6,190,3694500,66500,0,0,3761000
2021,6,215,2626760,322530,256957.53,194113.8,3400361.33
2021,6,216,874073.45,105850.44,311605.97,191303.66,1482833.52
2021,6,218,1485470.71,232390,317143.65,135686.58,2170690.94
2021,6,364,5171331,80544.99,92360.2,49076.55,5393312.74
2021,6,365,868515,266566.65,288581.52,216184.89,1639848.06
2021,6,366,729.58,0,0,0,729.58
2021,6,367,5386584,111928,680223.74,331388.12,6510123.86
2021,6,401,0,0,0,291.17,291.17
2021,6,403,281600,30100,75491.33,51141.3,438332.63
2021,6,404,72000,108081,19671.5,9902.25,209654.75
2021,6,520,1100,148275,89532.99,42662.87,281570.86
2021,6,536,397838,0,102327.83,44987.83,545153.66
2021,7,113,152337.98,248810.82,685696.82,307196.53,1394042.15
2021,7,114,3742171.61,215718.19,573167.08,345639.94,4876696.82
2021,7,117,2888450,43400,169006.01,72945.03,3173801.04
2021,7,160,2087883.9,72774.66,319321.4,224366.65,2704346.61
2021,7,190,3709425,94000,0,0,3803425
2021,7,215,806046.8,244006,380991.07,249925.03,1680968.9
2021,7,216,166067,116950,287757.07,205831.92,776605.99
2021,7,218,840552,195159.27,251283.43,127346.62,1414341.32
2021,7,364,1544942,100984,98132.8,137076.79,1881135.59
2021,7,365,292059,190211,353888.76,228230.41,1064389.17
2021,7,366,729.58,0,0,0,729.58
2021,7,367,1680016,137388,577031.18,220233.01,2614668.19
2021,7,401,0,0,0,291.17,291.17
2021,7,403,213750,30100,77326.51,29424,350600.51
2021,7,404,0,53675,18667.36,16887.75,89230.11
2021,7,520,1094521,106375,199756.53,67758.32,1468410.85
2021,7,536,72730,33780,72797.51,35937.07,215244.58
2021,8,113,371928.49,229662.5,821317.43,343285.28,1766193.7
2021,8,114,1726949.23,282965.86,671222.97,357624.24,3038762.3
2021,8,117,5999842,37650,128497.59,102088.36,6268077.95
2021,8,160,2060992.77,92837,291061.17,254032.75,2698923.69
2021,8,190,1805955.27,66500,0,0,1872455.27
2021,8,215,1134503,219020,280803.62,193419.95,1827746.57
2021,8,216,1440500,103485,291730.06,181825.48,2017540.54
2021,8,218,2209380,192275,216843.07,116926.61,2735424.68
2021,8,364,2045898,105471,102282.26,73537.46,2327188.72
2021,8,365,4676857.33,222050,499686.35,230536.42,5629130.1
2021,8,366,729.58,0,0,0,729.58
2021,8,367,1481113,172254.32,589213.91,256183.63,2498764.86
2021,8,401,0,0,0,291.17,291.17
2021,8,403,0,30100,95013.89,28814,153927.89
2021,8,404,95000,58425,12985.23,14535.55,180945.78
2021,8,520,451269,104058.33,168516.96,72677.6,796521.89
2021,8,536,0,18873.14,145662.86,75357.77,239893.77
2021,9,113,1842661.23,233160,771575.29,297828.09,3145224.61
2021,9,114,6095790.57,279043.19,642502.59,351971.64,7369307.99
2021,9,117,3605018,19750,67782.85,79171.53,3771722.38
2021,9,160,4845389.52,398187,317419.18,253029.3,5814025
2021,9,190,-876304.74,35000,162.61,0,-841142.13
2021,9,215,1403730,269490,256985.86,140494.48,2070700.34
2021,9,216,2030517,81100,252729.07,151085.69,2515431.76
2021,9,218,1969910,209250,289901.51,135757.58,2604819.09
2021,9,364,371651.12,57326,165775.29,112886.72,707639.13
2021,9,365,1593790,219075,375979.58,212368.59,2401213.17
2021,9,366,729.58,0,0,0,729.58
2021,9,367,2058606.05,186533,434223.86,203953.64,2883316.55
2021,9,401,0,0,0,291.17,291.17
2021,9,403,18500,30100,52844.78,30928.27,132373.05
2021,9,404,0,5425,25583.26,16890.44,47898.7
2021,9,520,100582,148725,75546.58,66800.22,391653.8
2021,9,536,0,34231.92,68186.06,38801.37,141219.35
2021,10,113,2032079.03,161281.66,706058.95,308911.35,3208330.99
2021,10,114,4364038.03,316066.52,647834.23,411542.05,5739480.83
2021,10,117,626150,33200,82900.67,66586.32,808836.99
2021,10,160,1052902.3,414966.5,309023.14,252355.42,2029247.36
2021,10,190,1643350,42500,0,0,1685850
2021,10,215,1369428,320657.5,363406.75,158557.94,2212050.19
2021,10,216,712034.45,105515,345318.28,175596.91,1338464.64
2021,10,218,3279335,168555.39,288266.09,139915.98,3876072.46
2021,10,364,2113973.25,69926,174238.66,133638.8,2491776.71
2021,10,365,789052,244655,331847.07,236728,1602282.07
2021,10,366,729.58,0,0,0,729.58
2021,10,367,2730405,202438,492717.66,182966.96,3608527.62
2021,10,401,0,0,0,1488.09,1488.09
2021,10,403,220500,30100,63118.85,16607.83,330326.68
2021,10,404,122000,5691.66,9436.22,8002.25,145130.13
2021,10,520,2131486.14,17758.32,118842.73,48731.93,2316819.12
2021,10,536,1043770,327.6,95158.8,54335.02,1193591.42
2021,11,113,854205.96,151390,639335.23,262046.51,1906977.7
2021,11,114,3764526.45,272696.53,554983.74,320819.53,4913026.25
2021,11,117,0,16650,129213.02,77999.93,223862.95
2021,11,160,1508150.77,427338.76,307659.87,267147.29,2510296.69
2021,11,190,2914500,35000,496.49,0,2949996.49
2021,11,215,967315.48,357761.25,368681.37,189000.44,1882758.54
2021,11,216,475774,91635,252158.9,147101.33,966669.23
2021,11,218,18774,211996.83,358250.53,112358.79,701380.15
2021,11,364,2413877,89876,120290.93,82304.3,2706348.23
2021,11,365,977610,285508.33,399655.98,205376.52,1868150.83
2021,11,366,729.58,0,0,0,729.58
2021,11,367,1011129,195055.72,482723.92,217582.09,1906490.73
2021,11,401,0,0,0,1488.09,1488.09
2021,11,403,11500,18215,69758.2,9195.5,108668.7
2021,11,404,499000,22150,7025.54,9510,537685.54
2021,11,520,2562650.82,32125,218329.75,58642.66,2871748.23
2021,11,536,418680,9950,138197.92,46424.08,613252
2021,12,113,2361023.34,203500,691460.75,337773.6,3593757.69
2021,12,114,4078184.59,270516.48,620719.36,400095.83,5369516.26
2021,12,117,1088121.89,-67250,170347.49,72533.97,1263753.35
2021,12,160,4738984.16,423551.29,345515.13,250621.15,5758671.73
2021,12,190,3122269.41,35000,-1557.6,0,3155711.81
2021,12,215,2600081.55,98029.79,372972.14,296651.64,3367735.12
2021,12,216,1494069,159089.15,254278.71,171912.94,2079349.8
2021,12,218,4159990,218520,260967.07,120624.09,4760101.16
2021,12,364,4450991,90901,179554.87,92099.18,4813546.05
2021,12,365,1071452,235044,367665.84,166829.05,1840990.89
2021,12,366,729.58,0,0,0,729.58
2021,12,367,4189454,250167.17,538207.39,262390.85,5240219.41
2021,12,401,0,0,0,889.63,889.63
2021,12,403,758380.83,-16285,98630.91,46571.1,887297.84
2021,12,404,473050,2710,24413.53,14367.1,514540.63
2021,12,520,160961.35,14275,83955.88,26709.82,285902.05
2021,12,536,1162805,9950,97975.34,55283.19,1326013.53
2022,1,113,614443.49,175750,511400.77,243047.28,1544641.54
2022,1,114,1109412.56,197742.86,531594.03,311731.63,2150481.08
2022,1,117,2684075,0,127958.24,69889.86,2881923.1
2022,1,160,453875.83,181093.68,310575.12,214061.83,1159606.46
2022,1,190,4039465,35000,0,0,4074465
2022,1,215,1496763,262312.5,334539.7,187399.5,2281014.7
2022,1,216,1543477.92,55600,233439.99,142597.56,1975115.47
2022,1,218,4030286,181038.34,214163.04,132028.71,4557516.09
2022,1,364,487469,69201,88055.46,89517.89,734243.35
2022,1,365,1600841,264200,492839.38,235214.74,2593095.12
2022,1,367,1308781.78,29704.66,675773.29,212767.63,2227027.36
2022,1,401,0,0,0,889.63,889.63
2022,1,403,0,-4285,69522.86,22676.2,87914.06
2022,1,404,0,22842.66,26197.49,10149.25,59189.4
2022,1,520,0,12250,111528.68,38394.14,162172.82
2022,1,536,409409.37,9950,79505.39,34153.47,533018.23
2022,2,113,525278.49,122016.66,611884.01,270513.81,1529692.97
2022,2,114,1539279.03,255553.8,664341.67,433372.04,2892546.54
2022,2,117,2153745,0,80373.84,66432.78,2300551.62
2022,2,160,987854.11,220066.66,334493.55,268767.43,1811181.75
2022,2,190,2416400,43000,0,0,2459400
2022,2,215,1324821,305949.38,372685.37,222147.05,2225602.8
2022,2,216,3257239.23,70912.5,243474.8,152002.42,3723628.95
2022,2,218,634854,185462.74,319380.27,177053.76,1316750.77
2022,2,364,1548062.16,34500,157167.62,139042.52,1878772.3
2022,2,365,3174300,269524.98,423026.14,298766.5,4165617.62
2022,2,367,2533585.22,68188,854174.45,188336.35,3644284.02
2022,2,401,0,0,0,598.46,598.46
2022,2,403,1830,3215,53998.27,14254.2,73297.47
2022,2,404,0,15750,35480.23,7347.75,58577.98
2022,2,520,0,17650,90555.42,46538.98,154744.4
2022,2,536,688517.49,0,133171.65,35717.33,857406.47
2022,3,113,5499180.14,207550,911474.89,440223.61,7058428.64
2022,3,114,8258763,311142.5,679352.43,479887.87,9729145.8
2022,3,117,3220890,0,160196.47,137691.07,3518777.54
2022,3,160,2103677.3,279190.62,433143.8,286578.86,3102590.58
2022,3,190,4735098.75,75000,0,0,4810098.75
2022,3,215,292303.3,246690,409008.49,295166.72,1243168.51
2022,3,216,486891,52750,365930.28,167198.98,1072770.26
2022,3,218,1080200,228728.41,329950.65,174545.87,1813424.93
2022,3,364,5791585,39673.66,257271.99,126157.52,6214688.17
2022,3,365,3273350,287030,386758.77,291170.56,4238309.33
2022,3,367,3364083,174492.17,609525.07,276948.11,4425048.35
2022,3,401,0,0,0,598.46,598.46
2022,3,403,1650,2143.33,104568.99,46825.76,155188.08
2022,3,404,135000,23750,37289.17,18480.48,214519.65
2022,3,520,330838.69,-600,163378.4,62438.49,556055.58
2022,3,536,0,24000,156166.23,35612.8,215779.03
2022,4,113,5969942.35,175025,898883.12,355543.63,7399394.1
2022,4,114,4276431.37,302635.67,667803.13,443445.97,5690316.14
2022,4,117,0,0,148394.47,73243.63,221638.1
2022,4,160,1207170.15,215483.32,429664.3,267159.49,2119477.26
2022,4,190,530496,57833.33,0,0,588329.33
2022,4,215,360912.3,242150.1,324607.31,213329.32,1140999.03
2022,4,216,987419,50500,197897.58,110805.82,1346622.4
2022,4,218,2056328,158200,336052.24,198259.77,2748840.01
2022,4,364,3755077.92,24532,156326.2,63704.4,3999640.52
2022,4,365,6234648,279916.66,361221.16,207555.17,7083340.99
2022,4,367,7130531.61,251886,454800.52,222885.51,8060103.64
2022,4,401,0,0,0,1180.8,1180.8
2022,4,403,6250,0,69581.89,29213.01,105044.9
2022,4,404,0,15750,6094.33,588,22432.33
2022,4,520,0,11200,144528.05,42854.33,198582.38
2022,4,536,1055441,45000,78946.22,35622.86,1215010.08
2022,5,113,2746688.49,159275,832197.67,325290.68,4063451.84
2022,5,114,4860540,219542.98,684936.72,405263.94,6170283.64
2022,5,117,1915,0,202989.49,78982.48,283886.97
2022,5,160,1631412.86,153349.98,324893.61,225327.91,2334984.36
2022,5,190,1777800,39500,0,0,1817300
2022,5,215,3486589,250755.8,380632.79,179796.44,4297774.03
2022,5,216,290846,48000,341807.41,158904.37,839557.78
2022,5,218,520790,142466.66,342510.02,155071.65,1160838.33
2022,5,364,735000,38057,170101.23,81069.85,1024228.08
2022,5,365,888848.54,220300,312694.13,179091.67,1600934.34
2022,5,367,2033988,119738,543122.8,204970.88,2901819.68
2022,5,401,0,0,0,598.46,598.46
2022,5,403,1986160,0,67183.89,9953.25,2063297.14
2022,5,404,0,-6300,17367.77,2530.22,13597.99
2022,5,520,32317,4950,128821.52,36875.52,202964.04
2022,5,536,380186,16500,136773.44,39629.92,573089.36
2022,6,113,5449517.4,165675.61,896329,318640.9,6830162.91
2022,6,114,2783711.37,252062,914785.26,482433.9,4432992.53
2022,6,117,0,0,184645.03,96096.32,280741.35
2022,6,160,2501478.7,153616.65,386035.85,332749.98,3373881.18
2022,6,190,5083168.6,23500,0,0,5106668.6
2022,6,215,3070467.55,185914.18,356058.91,259482.6,3871923.24
2022,6,216,1716379.38,63500,428347.94,173318.18,2381545.5
2022,6,218,978270,126200,420691.84,160649.57,1685811.41
2022,6,364,2386817,24394.5,194408.75,63578.1,2669198.35
2022,6,365,1538887,218923.32,378433.82,230447.21,2366691.35
2022,6,367,1910187,174238,577636.17,268024.23,2930085.4
2022,6,401,0,0,0,598.46,598.46
2022,6,403,0,20900,117689.05,49280.04,187869.09
2022,6,404,6000,0,21266.8,4239.88,31506.68
2022,6,520,243779,11200,165477.19,51064.26,471520.45
2022,6,536,1156281.56,28250,148729.14,40072.17,1373332.87
2022,7,113,1513748.5,179824.98,833981.97,333186.71,2860742.16
2022,7,114,736671.25,252385.98,745510.84,362939.74,2097507.81
2022,7,117,2990640.75,25125,141945.04,194017,3351727.79
2022,7,160,1050560.86,199200,307701.68,194123.34,1751585.88
2022,7,190,2634111.6,39500,0,0,2673611.6
2022,7,215,933089.64,217301.32,385854.1,241348.31,1777593.37
2022,7,216,0,58000,161457.41,100143.75,319601.16
2022,7,218,2140,142800,379437.55,154931.56,679309.11
2022,7,364,633000,62119.5,196323.1,78372.35,969814.95
2022,7,365,986067,222400,525452.33,259602.66,1993521.99
2022,7,367,1934735,190381.88,629374.45,250496.25,3004987.58
2022,7,401,0,0,0,889.63,889.63
2022,7,403,7450,12500,108205.13,33562.61,161717.74
2022,7,404,2325,0,30075.42,6091.75,38492.17
2022,7,520,303006,11200,117511.48,31931.98,463649.46
2022,7,536,32791,12250,174081.87,40650.75,259773.62
2022,8,113,3003520.67,178821.66,870056.55,429742.98,4482141.86
2022,8,114,2005616,325224.34,829982.6,499242.25,3660065.19
2022,8,117,411934,6281.25,191781.51,100902.51,710899.27
2022,8,160,261948.77,126850,477547.1,312835.38,1179181.25
2022,8,190,1002000,39500,0,0,1041500
2022,8,215,1241939.35,264326.32,457312.36,244393.36,2207971.39
2022,8,216,1500077.4,51720,362195.37,179185.89,2093178.66
2022,8,218,971468,130000,326753.42,163581.13,1591802.55
2022,8,364,1411200,45269.5,166828.02,79918.1,1703215.62
2022,8,365,1596555,235630,554961.42,301863.86,2689010.28
2022,8,367,1544739.38,156776,399888.68,226155.02,2327559.08
2022,8,401,0,0,0,598.46,598.46
2022,8,403,5283569.34,12500,153845.32,127438.96,5577353.62
2022,8,404,0,0,8537.3,594.5,9131.8
2022,8,520,780,21925,146200.71,38453.98,207359.69
2022,8,536,48440,14000,167139.56,50726.25,280305.81
2022,9,113,6619944.1,170085,729729.43,288749.42,7808507.95
2022,9,114,1429307.51,288394.63,669691.75,472135,2859528.89
2022,9,117,25972,17800,122398.21,78076.76,244246.97
2022,9,160,2546845.57,141600,404294.82,228323.3,3321063.69
2022,9,190,2068615.24,-24500,0,0,2044115.24
2022,9,215,2456342.58,307634.64,254355.41,236384.92,3254717.55
2022,9,216,3973266.32,12000,276445.04,175447.16,4437158.52
2022,9,218,731605,61833.32,269779.22,117681.05,1180898.59
2022,9,364,3285000,36752.82,152915.7,62059.35,3536727.87
2022,9,365,2543000,148783.33,519653.03,305677.61,3517113.97
2022,9,367,763294,199568.63,341595.87,190683.18,1495141.68
2022,9,401,0,0,0,598.46,598.46
2022,9,403,481459,12500,57701.19,12722.77,564382.96
2022,9,404,0,0,10554.26,5435.92,15990.18
2022,9,520,0,18825,125708.67,53624.73,198158.4
2022,9,536,117497,10000,158661.23,46847.02,333005.25
2022,10,113,3673643.32,160891.65,962418.01,364148.63,5161101.61
2022,10,114,3477226.08,184123.12,917626.66,545495.33,5124471.19
2022,10,117,-37245,23962.5,233990.42,253519.41,474227.33
2022,10,160,535768.5,113366.64,347818.19,267596.57,1264549.9
2022,10,190,2272140,31000,0,0,2303140
2022,10,215,675628.53,199666.33,319675.11,252121.31,1447091.28
2022,10,216,880488,17500,269695.77,126908.93,1294592.7
2022,10,218,923400,155485.4,353462.55,143550.38,1575898.33
2022,10,364,2697211.64,-20818,134127.37,75130.85,2885651.86
2022,10,365,963450,272218.22,332563.69,180551.61,1748783.52
2022,10,367,1038963,195788,647758.66,312842.21,2195351.87
2022,10,401,0,0,0,598.46,598.46
2022,10,403,984013,12500,50993.99,71003.56,1118510.55
2022,10,404,0,0,9420.15,420,9840.15
2022,10,520,0,19225,125864.48,48834.98,193924.46
2022,10,536,775281,0,108962.79,56299.52,940543.31
2022,11,113,5235495.41,268332.65,689612.4,309768.25,6503208.71
2022,11,114,4252317.28,228205,682778.49,425323.51,5588624.28
2022,11,117,481697.7,9943.75,116309.88,172810.25,780761.58
2022,11,160,4229.77,82400,337990.79,197480.46,622101.02
2022,11,190,101000,31500,0,0,132500
2022,11,215,1525727.68,211643,416952.58,245449.47,2399772.73
2022,11,216,1193409.48,20000,249888.84,104801.55,1568099.87
2022,11,218,1574401,173200,401911.21,111401.85,2260914.06
2022,11,364,1869000,34069.5,144752.41,104175.86,2151997.77
2022,11,365,3753385,194300,462699.12,240650.59,4651034.71
2022,11,367,3255710.06,78988,475384.34,193774.9,4003857.3
2022,11,401,0,0,0,7181.52,7181.52
2022,11,403,2053813,35638,67649.87,78890.34,2235991.21
2022,11,404,0,0,38495.61,33735.33,72230.94
2022,11,520,0,19591.66,123454.19,49450.76,192496.61
2022,11,536,1652224,56000,163236.57,57006.4,1928466.97
2022,12,113,4037622.4,203345.16,706280.03,384048.03,5331295.62
2022,12,114,4561423.9,114331.66,949788.97,551530.41,6177074.94
2022,12,117,326287,0,170552.45,208961.57,705801.02
2022,12,160,9009314.44,109400,315978.41,197862.75,9632555.6
2022,12,190,3366970.49,-63500,23962.84,0.14,3327433.47
2022,12,215,854882.23,208012.66,351374.09,251308.08,1665577.06
2022,12,216,2004436,14500,191649.83,191920.27,2402506.1
2022,12,218,3328198.08,185800,237599.53,157401.89,3908999.5
2022,12,364,3853287,21227.31,145245.73,87121.1,4106881.14
2022,12,365,7918477.73,197763.75,436496.06,290417.41,8843154.95
2022,12,367,6137782.32,115947.38,502336.81,285466.24,7041532.75
2022,12,401,0,0,0,-13166.12,-13166.12
2022,12,403,389600,33604.66,40309.79,97321.22,560835.67
2022,12,404,0,0,13786.16,5759.5,19545.66
2022,12,520,0,16125,76941.16,25543.95,118610.11
2022,12,536,850980,14000,195268.35,68259.25,1128507.6
2023,1,113,1161320.08,252362.66,715124.34,267013.91,2395820.99
2023,1,114,3454640.85,143233.32,652758.7,471243.71,4721876.58
2023,1,117,572700,0,126476.87,231024.08,930200.95
2023,1,160,826851.77,41143.75,352332.62,184155.83,1404483.97
2023,1,190,1401263.8,7500,0,0,1408763.8
2023,1,215,221081,210700,289585.57,231637.92,953004.49
2023,1,216,575392,14500,224972.96,155751.56,970616.52
2023,1,218,21574.67,156790.63,318722.11,118426.87,615514.28
2023,1,364,2329385,30119.5,299597.97,103053.44,2762155.91
2023,1,365,1469459.05,182900,399327.34,242448.12,2294134.51
2023,1,367,1133753,111370,411712.74,213908.38,1870744.12
2023,1,403,222895,30858,116914.6,121709.93,492377.53
2023,1,404,0,0,22072.05,14515,36587.05
2023,1,520,23996,10725,111354.29,41229.83,187305.12
2023,1,536,21329.54,14000,99923.95,45848.74,181102.23
2023,2,113,3056148.15,257889,637044.63,301244.49,4252326.27
2023,2,114,2661476.57,148604.63,896039.41,612390.99,4318511.6
2023,2,117,5986419,0,256300.85,268608.25,6511328.1
2023,2,160,1067796.77,60200,348121.49,171747.65,1647865.91
2023,2,190,2559870,7500,0,0,2567370
2023,2,215,1364708.11,146025,351273.03,213930.59,2075936.73
2023,2,216,407408,28700,356058.99,164301.89,956468.88
2023,2,218,2439959,128735,375046.66,177081.26,3120821.92
2023,2,364,1964927,16573.66,268825.24,103197.21,2353523.11
2023,2,365,2610292,203910,357320.53,216969.28,3388491.81
2023,2,367,1904380,54188,473882.94,297978.55,2730429.49
2023,2,403,436892,22590,62249.92,55641.98,577373.9
2023,2,404,0,0,14620.35,1015.5,15635.85
2023,2,520,0,10725,132205.62,42437.64,185368.26
2023,2,536,137634,0,119359.36,51341.15,308334.51
2023,3,113,2403298.49,333039.5,819099.23,371137.4,3926574.62
2023,3,114,5613856.99,197778,836280.93,558325.96,7206241.88
2023,3,117,1380238,18900,296862.4,280670.91,1976671.31
2023,3,160,2179337.13,66200,319144.34,251722.92,2816404.39
2023,3,190,4426282.5,7500,0,0,4433782.5
2023,3,215,3589965.64,132610,487302.05,253543.92,4463421.61
2023,3,216,631906,35700,289015.65,186615.51,1143237.16
2023,3,218,2675970.67,234050,503165.46,203730.78,3616916.91
2023,3,364,3059746,48307,270547.01,106490.1,3485090.11
2023,3,365,2791253.79,271300,441742.92,281365.47,3785662.18
2023,3,367,1617434,94188,525774.7,303878.17,2541274.87
2023,3,403,208785,44503,149406.55,124857.5,527552.05
2023,3,404,0,0,65955.98,23590,89545.98
2023,3,520,0,0,140282.59,43823.65,184106.24
2023,3,536,143999,0,124244.04,42125.18,310368.22
2023,4,113,2298808.68,273892.5,697789.59,309768.18,3580258.95
2023,4,114,1816803.79,173770,728673.58,528604.3,3247851.67
2023,4,117,258850,18900,213884.39,202915.86,694550.25
2023,4,160,578449.69,61466.66,318175.52,185324.75,1143416.62
2023,4,190,284801.75,7500,0,0,292301.75
2023,4,215,2473988.88,144485,283446.52,226491.01,3128411.41
2023,4,216,2504744,35700,272929.39,139014.47,2952387.86
2023,4,218,1510797.6,200900,496269.73,186545.26,2394512.59
2023,4,364,348733,12507,297739.96,84804.32,743784.28
2023,4,365,1066269,160500,394314.33,241331.63,1862414.96
2023,4,367,1743452,96938,476925.93,284554.42,2601870.35
2023,4,403,446490,23146.66,131304.34,147057.51,747998.51
2023,4,404,0,0,40144.6,8770,48914.6
2023,4,520,238767,21450,122989.21,30351.05,413557.26
2023,4,536,0,7300,77872.27,53300,138472.27
2023,5,113,5510236.49,280761.4,698126.33,287585.6,6776709.82
2023,5,114,3923984.97,201132.65,779927.2,532848.01,5437892.83
2023,5,117,709679,27400,235231.76,249428.75,1221739.51
2023,5,160,618778.83,95100,328935.99,172321.12,1215135.94
2023,5,190,724827.5,7500,-226.52,0,732100.98
2023,5,215,2382288.75,162876.66,288321.93,120551.9,2954039.24
2023,5,216,1133511,35700,380341.56,143106.17,1692658.73
2023,5,218,14901947.75,176525.45,382454.66,157851.9,15618779.76
2023,5,364,853575,45519.5,310458.52,122664.7,1332217.72
2023,5,365,5496580.42,137916.66,265818.52,253972.7,6154288.3
2023,5,367,3398474.99,118513,581197.5,243296.17,4341481.66
2023,5,403,2036,-750,85045.95,63120.12,149452.07
2023,5,404,3996,0,26565.43,10140,40701.43
2023,5,520,252783.91,13625,132932.82,36673.75,436015.48
2023,5,536,1984,7300,89911.97,22015.82,121211.79
2023,6,113,2298899.49,380032.17,694853.87,317583.44,3691368.97
2023,6,114,6533139.68,292105.66,828170.95,443701.89,8097118.18
2023,6,117,0,36000,243335.74,317557.34,596893.08
2023,6,160,3330950.77,84566.66,410484.75,263016.22,4089018.4
2023,6,190,252440,7500,0,0,259940
2023,6,215,2199738.36,113729.38,376882.69,283448.62,2973799.05
2023,6,216,1300109,60220,337971.48,203965.78,1902266.26
2023,6,218,8477511.5,196400,389636.5,210491.59,9274039.59
2023,6,364,2440688.62,44508.07,294911.05,77730.02,2857837.76
2023,6,365,167810,156116.66,237602.09,148529.88,710058.63
2023,6,367,1509346,39854.66,502108.92,277701.18,2329010.76
2023,6,403,4072,57010,155209.69,88847.11,305138.8
2023,6,404,0,0,37565.6,14463.75,52029.35
2023,6,520,254734.23,13625,222190.75,45514.35,536064.33
2023,6,536,743052,0,181623.11,76006.71,1000681.82
2023,7,113,1266361.78,301902.34,614808.65,335802.87,2518875.64
2023,7,114,2924557,267713.28,817286.16,561426.82,4570983.26
2023,7,117,0,30333.32,244305.64,285329.33,559968.29
2023,7,160,3291526.61,54000,319263,191865.85,3856655.46
2023,7,190,815000,16500,0,0,831500
2023,7,215,1631844.23,108335,331826.82,358492.12,2430498.17
2023,7,216,266750,82440,296638.8,182112.22,827941.02
2023,7,218,6326108.61,227400,435686.72,141351,7130546.33
2023,7,364,731950,84764.08,270803.44,122403.17,1209920.69
2023,7,365,759036.61,107745.51,267896.92,171046.45,1305725.49
2023,7,367,1125995,100876,585699.79,305077.92,2117648.71
2023,7,403,587202,4630,98326.29,99985.1,790143.39
2023,7,404,0,0,25946.92,14414.5,40361.42
2023,7,520,25203.06,16525,202075.81,42450.35,286254.22
2023,7,536,359788,0,103159.06,41210.06,504157.12
2023,8,113,2555381.67,385998.16,822535.49,343961.57,4107876.89
2023,8,114,3871438.13,173230.63,942295.28,527326.4,5514290.44
2023,8,117,361509.23,35666.66,248066.43,304030.64,949272.96
2023,8,160,5643459.24,62100,594765.11,324674.51,6624998.86
2023,8,190,2615700,56500,0,0,2672200
2023,8,215,844781.58,184413.65,402109.93,405130.37,1836435.53
2023,8,216,91701,126440,284004,165046.52,667191.52
2023,8,218,2919383,302960,366155.62,140482.65,3728981.27
2023,8,364,9700,63532,259989.39,128283.53,461504.92
2023,8,365,2067279,135166.66,321614.27,248000.8,2772060.73
2023,8,367,4181766,101146.3,667586.82,279045.63,5229544.75
2023,8,403,381400,46270,137807.37,159896.36,725373.73
2023,8,404,0,0,30504.92,18378.5,48883.42
2023,8,520,646487.33,24350,109686.02,60089.69,840613.04
2023,8,536,125388,0,118429.67,30246.75,274064.42
2023,9,113,1111739,432903.33,653595.67,352068.39,2550306.39
2023,9,114,3008266.6,191784.66,847085.48,574434,4621570.74
2023,9,117,1082256,27500,242637.57,274368.23,1626761.8
2023,9,160,1193770.38,124350,442920.5,260558.88,2021599.76
2023,9,190,354684.73,15000,0,0,369684.73
2023,9,215,967595.58,228364.58,514792.19,422229.79,2132982.14
2023,9,216,621628,114293.32,275738.3,130338.64,1141998.26
2023,9,218,2968132,294043.32,404421.28,204314.96,3870911.56
2023,9,364,708620.03,84819.5,316234.9,116184.78,1225859.21
2023,9,365,4322422.4,111200,307086.55,268570.01,5009278.96
2023,9,367,2415785,138643,574046.42,356356.33,3484830.75
2023,9,403,1474442.46,58410,52932.1,52799.19,1638583.75
2023,9,404,0,0,65229.16,11313,76542.16
2023,9,520,522466,17005,92380.64,43840.19,675691.83
2023,9,536,316087.5,0,132537.68,40441.62,489066.8
2023,10,113,1066305,532622.54,958641.52,298070.75,2855639.81
2023,10,114,5393702,250390.06,851980.97,582064.06,7078137.09
2023,10,117,3037515,27500,169390.72,266252.18,3500657.9
2023,10,160,2195783.77,88591.64,484393.56,258062.64,3026831.61
2023,10,190,813481.88,7500,0,0,820981.88
2023,10,215,1468840.43,297564.68,500213.5,352902.05,2619520.66
2023,10,216,1469465,113510,411880.97,135764,2130619.97
2023,10,218,5540768,284476.66,434054.21,248468.87,6507767.74
2023,10,364,2597548.86,65377.04,313173.42,121278.23,3097377.55
2023,10,365,198600,143883.32,337911.98,270247.14,950642.44
2023,10,367,2306780,87521.33,604728.35,324797.71,3323827.39
2023,10,403,3288739,48620,119597.78,86807.33,3543764.11
2023,10,404,0,0,13740.61,10276.5,24017.11
2023,10,520,0,29605,166374.26,50146.73,246125.99
2023,10,536,734597.05,0,321535.65,52299.49,1108432.19
2023,11,113,3631662.66,452173.33,683539.51,367915.82,5135291.32
2023,11,114,3156099.08,186360,689884.61,507617.07,4539960.76
2023,11,117,0,18900,190149.38,242701.91,451751.29
2023,11,160,3368315.32,72600,351281.04,239416,4031612.36
2023,11,190,2174390,7500,0,0,2181890
2023,11,215,2591857.47,419192.78,287071.28,314707.08,3612828.61
2023,11,216,1488619,93010,228246.93,156114.7,1965990.63
2023,11,218,15816918.48,257309.99,351551.41,194387.41,16620167.29
2023,11,364,3905264.13,56607,209937.85,95882.18,4267691.16
2023,11,365,4634706,175060,288974.6,262226.93,5360967.53
2023,11,367,1834727,201138,488943.34,284062.58,2808870.92
2023,11,403,29816.55,58490,129244.29,95847.11,313397.95
2023,11,404,0,0,22897.33,0,22897.33
2023,11,520,651770.99,15005,121404.93,49241.28,837422.2
2023,11,536,311852,0,147979.06,44218.75,504049.81
2023,12,113,8863216.94,436138.3,653461.81,315447.39,10268264.44
2023,12,114,8663727.6,162410.65,784373.12,508917.7,10119429.07
2023,12,117,401285,20600,224729.57,300191.24,946805.81
2023,12,160,5785124.83,-82804.76,322667.68,218508.04,6243495.79
2023,12,190,6798603.39,21500,14192.66,0,6834296.05
2023,12,215,4020596.62,382336.66,389251.06,421002.77,5213187.11
2023,12,216,3883900.44,-45050,234033.57,147077.69,4219961.7
2023,12,218,3082778.52,223810,343185.58,191234.04,3841008.14
2023,12,364,4478849.32,41857,217524.28,106897.62,4845128.22
2023,12,365,2452854,28460,315483.28,253966.76,3050764.04
2023,12,367,2792252.53,179504.65,264084.55,205152.98,3440994.71
2023,12,403,-65544,54970,143187.57,147464.91,280078.48
2023,12,404,0,0,57798.3,20646.12,78444.42
2023,12,520,735647.64,16425,174431.97,53111.86,979616.47
2023,12,536,583308,0,102980.25,36430,722718.25
2024,1,113,1973816,297788.32,603317.17,332631.56,3207553.05
2024,1,114,1811692,66866.66,724516.27,505588.21,3108663.14
2024,1,117,3314205,8600,187569.15,235116.14,3745490.29
2024,1,160,315850,0,312932.09,201159.38,829941.47
2024,1,190,1984750,7500,0,0,1992250
2024,1,215,2894497.79,410305,384062.66,365261.81,4054127.26
2024,1,216,703885,43150,275731.78,161197.45,1183964.23
2024,1,218,204820,113809.98,339619.94,155508.5,813758.42
2024,1,364,0,18377.83,328868.49,125407.13,472653.45
2024,1,365,1415174.6,97410,305210.86,202221.2,2020016.66
2024,1,367,2228701.03,74379.53,377708.17,273948.48,2954737.21
2024,1,403,462242.85,810,162762.46,112062.84,737878.15
2024,1,404,0,0,16069.64,4854,20923.64
2024,1,520,0,10725,117321.93,30209.06,158255.99
2024,1,536,433960,0,133186.75,48850.31,615997.06
2024,2,113,558630,309156.02,669127.45,337193.98,1874107.45
2024,2,114,5323035.9,154496.66,845496.58,522498.07,6845527.21
2024,2,117,0,8600,196160.69,305054.14,509814.83
2024,2,160,485906.16,0,407275.34,256448.94,1149630.44
2024,2,190,836619,7500,0,0,844119
2024,2,215,1676937.16,428074.61,423960.25,404193.63,2933165.65
2024,2,216,1551186.2,43450,268188.36,153233.27,2016057.83
2024,2,218,632480,188226.65,323629.77,154155.39,1298491.81
2024,2,364,599499,50047.65,217010.19,99775.55,966332.39
2024,2,365,440682,125826.98,392371.21,316542.5,1275422.69
2024,2,367,1161151,40399.32,437676.77,313982.57,1953209.66
2024,2,403,27726.77,42890,110736.88,51047.58,232401.23
2024,2,404,0,0,33016.93,19698.7,52715.63
2024,2,520,274304,10725,156499.72,60498.56,502027.28
2024,2,536,6334.9,2500,138604.07,47958.56,195397.53
2024,3,113,4152750.38,287256.65,745752.88,303241.51,5489001.42
2024,3,114,4067065.89,256278.8,822861.01,551144.53,5697350.23
2024,3,117,3098255,25600,246961,237030.24,3607846.24
2024,3,160,131133.08,8500,460385.08,264795.88,864814.04
2024,3,190,2592705.71,7500,148.85,0,2600354.56
2024,3,215,5625641.77,358720,532464.9,430326.54,6947153.21
2024,3,216,1183834.6,59450,320304.95,156622.52,1720212.07
2024,3,218,2281472,283531.53,442502.4,224600.78,3232106.71
2024,3,364,202672,28257,235191.86,121751.18,587872.04
2024,3,365,526637,86708.46,325312.85,215017.23,1153675.54
2024,3,367,1713671,73000,532722.93,260819.88,2580213.81
2024,3,403,11370.68,22800,110948.69,132921.96,278041.33
2024,3,404,0,0,15339.58,8497.87,23837.45
2024,3,520,167310,10725,166526.68,53977.34,398539.02
2024,3,536,0,0,91935.99,17284.75,109220.74
2024,4,113,2941674,245195,888582.59,335910.55,4411362.14
2024,4,114,5983182.09,349561.33,814480.7,520071.26,7667295.38
2024,4,117,0,25900,192073.43,302310.4,520283.83
2024,4,160,1478163.88,8500,383112.21,250928.26,2120704.35
2024,4,190,2356750,7500,0,0,2364250
2024,4,215,5311879.85,238528.34,311085.43,355278.44,6216772.06
2024,4,216,1393060.09,97100,366809.64,155544.38,2012514.11
2024,4,218,4393540,364553.34,405066.05,220858.35,5384017.74
2024,4,364,511843,28257,303402.68,97468.29,940970.97
2024,4,365,503415,56450,293020.73,206370.85,1059256.58
2024,4,367,955861,64359.11,492017.25,333702,1845939.36
2024,4,403,11173.72,70260,108620.21,118712.63,308766.56
2024,4,404,0,0,30389.87,34270.33,64660.2
2024,4,520,35750,16575,134163,73979.65,260467.65
2024,4,536,660293,0,71884.2,24655,756832.2
2024,5,113,4205234.75,382765,999190.37,397600.75,5984790.87
2024,5,114,4225120.43,698826,946491.37,524331.16,6394768.96
2024,5,117,553903,15266.66,180497.75,248960.51,998627.92
2024,5,160,1205782.08,-5666.67,443418.79,229173.55,1872707.75
2024,5,190,975391,7500,0,0,982891
2024,5,215,2030019,124875,416590.59,375909.43,2947394.02
2024,5,216,596394.71,173500,298575.84,165878.48,1234349.03
2024,5,218,326526,438494.31,364900.23,248382.57,1378303.11
2024,5,364,319297.17,29007,212577.41,102954.93,663836.51
2024,5,365,1217776,78678.7,320380.54,249746.18,1866581.42
2024,5,367,1092640,11000,521667.04,301954.97,1927262.01
2024,5,403,0,34800,70115.67,53364.5,158280.17
2024,5,404,0,0,27198.31,12048.95,39247.26
2024,5,520,571002,18875,129794.86,66452.76,786124.62
2024,5,536,355971,0,132656.86,25862.25,514490.11
2024,6,113,2800157.4,404678.85,813671.75,363799.51,4382307.51
2024,6,114,1737444,486805.6,895151.9,475306.62,3594708.12
2024,6,117,0,0,151232.95,248071.17,399304.12
2024,6,160,3377724.6,0,377669.8,196611.88,3952006.28
2024,6,190,751000,7500,0,0,758500
2024,6,215,3452911.5,218366.05,431508.96,394895.77,4497682.28
2024,6,216,210698,175566.64,304588.37,133068.11,823921.12
2024,6,218,1559495,454910,377026.45,243532.72,2634964.17
2024,6,364,454987,14757,153809.15,96902.2,720455.35
2024,6,365,1791525,69041,313660.18,248345.57,2422571.75
2024,6,367,9064101.45,57453.14,415770.58,280713.31,9818038.48
2024,6,403,229018,45000,81207.02,45954.09,401179.11
2024,6,404,0,0,35879.41,13239.5,49118.91
2024,6,520,165501,42725,96898.12,56079.13,361203.25
2024,6,536,14330,0,125692.39,63463.26,203485.65
2024,7,113,5378353.38,406488.47,753715.77,366533.08,6905090.7
2024,7,114,1679880.64,540268.84,850102.99,536363.06,3606615.53
2024,7,117,245663.67,16700,224950.38,302613.06,789927.11
2024,7,160,6416302.19,0,320372.95,242186.51,6978861.65
2024,7,190,927700,7500,0,0,935200
2024,7,215,1388179.16,170736.12,585941.17,475362.37,2620218.82
2024,7,216,789859,246200,405355.25,207747.31,1649161.56
2024,7,218,3863938,590960,386132.3,228644.35,5069674.65
2024,7,364,498342,14757,237620.65,157643.02,908362.67
2024,7,365,597665,75489.49,347976.79,215661.13,1236792.41
2024,7,367,754140,70161.64,477051.6,288398,1589751.24
2024,7,403,260280.4,41500,134743.86,131237.45,567761.71
2024,7,404,0,0,84062.36,31385.06,115447.42
2024,7,520,882.75,18166.66,231677.34,69535.59,320262.34
2024,7,536,494420,0,108947.63,48509.74,651877.37
2024,8,113,3017607,341849.73,854248.42,318705.5,4532410.65
2024,8,114,2940021,526788.57,779139.09,533904.71,4779853.37
2024,8,117,382256.4,16700,252092.42,285598.38,936647.2
2024,8,160,4082127.81,19400,453540.3,243969.9,4799038.01
2024,8,190,1864832,15000,0,0,1879832
2024,8,215,3544228.68,215767.56,537849.81,388201.87,4686047.92
2024,8,216,1900869.94,207366,416553.32,214227.49,2739016.75
2024,8,218,1415951,556390.07,421152.47,216679.71,2610173.25
2024,8,364,257147.75,14757,295189.44,123828.78,690922.97
2024,8,365,2851710,93600,366148.42,226728.85,3538187.27
2024,8,367,2107242,47000,469740.95,368729.98,2992712.93
2024,8,403,4849.42,53500,189174.56,116710.77,364234.75
2024,8,404,0,10300,44375.35,32409.5,87084.85
2024,8,520,312963,17833.32,223337.6,73416.54,627550.46
2024,8,536,524924,480,187517.09,43626.02,756547.11
2024,9,113,5674780,371123.33,556919.38,308146.87,6910969.58
2024,9,114,11580911,145410.88,795151.46,578931.31,13100404.65
2024,9,117,-307302,87571.14,218018.45,300264.8,298552.39
2024,9,160,1981455.87,6750,448473.57,234771.15,2671450.59
2024,9,190,934008.2,8300,1989.78,0,944297.98
2024,9,215,2775547.33,254750.23,340303.3,387133.59,3757734.45
2024,9,216,525524.58,273300,368074.01,153758.57,1320657.16
2024,9,218,1481249.31,532426.66,395256.05,214117.94,2623049.96
2024,9,364,856650,28307,179404.46,89418.51,1153779.97
2024,9,365,2386275,88316.66,236817.9,212246.52,2923656.08
2024,9,367,488516,152350,440020.09,221579.54,1302465.63
2024,9,403,2289.6,41500,129612.51,129219.25,302621.36
2024,9,404,7552.8,0,29732.17,42050.84,79335.81
2024,9,520,38000,15500,112485.26,28139.85,194125.11
2024,9,536,0,480,93836.68,24094.41,118411.09
2024,10,113,2091776.63,458106.13,656401.78,364749.12,3571033.66
2024,10,114,4756709.4,469650.96,951370.19,679993.92,6857724.47
2024,10,117,102000,13725.27,170028.63,316555.8,602309.7
2024,10,160,463835.83,177520.51,376710.73,239604.47,1257671.54
2024,10,190,1423270,17800,0,0,1441070
2024,10,215,1393773,309480.72,466328.23,371291.61,2540873.56
2024,10,216,1245250.44,306400,478882.68,211964.77,2242497.89
2024,10,218,16305052.77,453176.27,382028.08,203103.62,17343360.74
2024,10,364,275945,-24493,221163.9,88357.59,560973.49
2024,10,365,5100,146666.66,455328.04,285133.37,892228.07
2024,10,367,1099945,128750,459502.99,244032.54,1932230.53
2024,10,403,3247.2,41500,170556.57,155840.74,371144.51
2024,10,404,0,0,21078.04,29113.16,50191.2
2024,10,520,316499.29,60200,216777.54,50542.13,644018.96
2024,10,536,0,-160,188951.1,86661.11,275452.21
2024,11,113,5220058,452618.32,720051.45,346154.96,6738882.73
2024,11,114,5848624.57,374922.66,837823.59,587720.92,7649091.74
2024,11,117,76500,20333.33,104414.94,155894.33,357142.6
2024,11,160,2534087.08,185372.02,375305.13,203498.54,3298262.77
2024,11,190,4010708,17800,-1989.78,0,4026518.22
2024,11,215,3406012,353398.15,391368.49,359566.83,4510345.47
2024,11,216,2158471.8,136666.62,270902.41,189733.63,2755774.46
2024,11,218,2668262,510560,316321.69,206712.48,3701856.17
2024,11,364,1060656,12971.4,226132.39,105376.69,1405136.48
2024,11,365,0,80408.88,224867.62,186934.08,492210.58
2024,11,367,1676988,153991.64,443284.05,230917.81,2505181.5
2024,11,403,13985,74690,115328.41,86676.17,290679.58
2024,11,404,0,0,33203.94,18460.03,51663.97
2024,11,520,224151.2,14400,123972.52,45614.26,408137.98
2024,11,536,37785,10500,129902.22,41022.05,219209.27
2024,12,113,5092937.46,324613.49,626765.29,332187.14,6376503.38
2024,12,114,15480939.09,263219.32,836760.47,673229.14,17254148.02
2024,12,117,43500,15000,177209.74,254246.19,489955.93
2024,12,160,1990800.47,159499.97,380822.78,234403.18,2765526.4
2024,12,190,-961829.6,25000,-8583.57,0,-945413.17
2024,12,215,6607767,252343.04,344262.64,437455.78,7641828.46
2024,12,216,2995842.19,76800,399295.46,212910.78,3684848.43
2024,12,218,4040484.27,324293.22,354200.46,266730.77,4985708.72
2024,12,364,1973243.6,0,125758.56,136490.86,2235493.02
2024,12,365,5916690,103300,303464.46,223379.58,6546834.04
2024,12,367,10651817,161217.27,333358.74,327246.45,11473639.46
2024,12,403,587972.04,-21820,96938.14,120712.96,783803.14
2024,12,404,0,0,16090.26,4529,20619.26
2024,12,520,2703031.6,10300,219823.83,72984.21,3006139.64
2024,12,536,0,7000,103846.19,57088.43,167934.62
2025,1,113,1175014.68,321467.6,612704.94,308126.89,2417314.11
2025,1,114,2637787,256368,650735.94,514236.64,4059127.58
2025,1,117,103237,8900,80567.26,136326.37,329030.63
2025,1,160,12509.08,153699.98,330729.04,224637.8,721575.9
2025,1,190,737426.98,27033.33,0,0,764460.31
2025,1,215,739973.41,170149.98,437680.6,397736.29,1745540.28
2025,1,216,0,173200,186208.83,115130.06,474538.89
2025,1,218,367925,237993.32,245449.46,126614.78,977982.56
2025,1,364,0,8820.96,180960.33,85294.46,275075.75
2025,1,365,576739,120400,309875.1,142025.56,1149039.66
2025,1,367,1309774.61,204694.24,363513.92,326399.17,2204381.94
2025,1,403,3820,2600,103279.04,115164.14,224863.18
2025,1,404,0,0,40725.49,18771.21,59496.7
2025,1,520,540829.48,5200,165683.93,41463.14,753176.55
2025,1,536,123789,0,96090.97,68403.91,288283.88
2025,2,113,1690852,288188.32,737924.4,353432.49,3070397.21
2025,2,114,2777946,265122.43,850137.95,532864.74,4426071.12
2025,2,117,4523770,53423.33,98643.1,246132.23,4921968.66
2025,2,160,3169258.83,12299.99,452698.47,251520.36,3885777.65
2025,2,190,5455680,7500,0,0,5463180
2025,2,215,1168279.81,289185,463494.56,409572.87,2330532.24
2025,2,216,5165335,120850,298441.83,188115.13,5772741.96
2025,2,218,151780,310392.62,364010.96,227988.58,1054172.16
2025,2,364,645200,18100,82115.35,68576.14,813991.49
2025,2,365,286036,96971.14,351566.46,252700.14,987273.74
2025,2,367,1702810.4,117583.32,655454.71,372728.17,2848576.6
2025,2,403,0,12000,112528.37,111544.39,236072.76
2025,2,404,0,0,73694.98,27977.77,101672.75
2025,2,520,8000,32450,155633,65510.32,261593.32
2025,2,536,0,7500,115690.66,43516.1,166706.76
2025,3,113,4530770.67,450006.82,729714.22,388973.29,6099465
2025,3,114,2028753,368607.27,917375.44,617007.51,3931743.22
2025,3,117,3327610,-35987,196132.71,249072.46,3736828.17
2025,3,160,2865790.1,66200,394488.41,263850.71,3590329.22
2025,3,190,3594300,7500,0,0,3601800
2025,3,215,1921531.57,340700.92,588419.65,520119.74,3370771.88
2025,3,216,2697922.6,81838.98,502411.24,213041.34,3495214.16
2025,3,218,2624603,445936.12,335179.21,270176.06,3675894.39
2025,3,364,0,33850,145920.25,82768.33,262538.58
2025,3,365,1837022,139050,273385.52,218617.61,2468075.13
2025,3,367,755000,172734,469847.55,333617.62,1731199.17
2025,3,403,3820.22,12000,138286.89,118406.58,272513.69
2025,3,404,0,0,10065.25,6711.5,16776.75
2025,3,520,372192,98491.5,180266.12,78767.43,729717.05
2025,3,536,0,7500,99927.07,54416.1,161843.17
2025,4,113,6300090.97,393597.32,677531.05,483491.42,7854710.76
2025,4,114,4074829,410680,909253.72,654495.56,6049258.28
2025,4,117,218464,33626.06,122387.27,245372.95,619850.28
2025,4,160,2628445,92466.66,449176.85,253828.99,3423917.5
2025,4,190,4866020,7500,0,0,4873520
2025,4,215,856329.68,278933.3,543157.91,488215.6,2166636.49
2025,4,216,1582766.8,162750,420569.17,228243.42,2394329.39
2025,4,218,465940,314661.46,420804.8,154242.49,1355648.75
2025,4,364,0,37335.82,157531.83,150076.31,344943.96
2025,4,365,806978,124750,295540.86,192125.35,1419394.21
2025,4,367,2168060.1,143633.11,616812.63,334559.27,3263065.11
2025,4,403,0,20900,82671.98,84985.82,188557.8
2025,4,404,7004,0,37047.34,21057.76,65109.1
2025,4,520,259404.62,99699.98,223428.58,67158.51,649691.69
2025,4,536,600000,7500,79746.4,35841,723087.4
2025,5,113,4313767,261796.88,853776.61,468058.26,5897398.75
2025,5,114,8936670,706261.77,914467.73,599661.6,11157061.1
2025,5,117,0,1369.59,160741.25,251760.06,413870.9
2025,5,160,2551887.01,109266.66,435015.88,275838.44,3372007.99
2025,5,190,469150,7500,0,0,476650
2025,5,215,1518949.59,240356.78,524341.11,465992.39,2749639.87
2025,5,216,2515502,313649.97,354679.12,208346.5,3392177.59
2025,5,218,1555528.82,513018.59,503395.68,238364.61,2810307.7
2025,5,364,626796,-12750,218110.22,102697.74,934853.96
2025,5,365,1702596,297023.32,269327.35,200132.35,2469079.02
2025,5,367,3353026.79,86200,335995.31,267084.62,4042306.72
2025,5,403,0,10400,109581.71,145877.2,265858.91
2025,5,404,0,0,36305.8,15123.78,51429.58
2025,5,520,489000,170700,163476.81,73569.13,896745.94
2025,5,536,0,7500,131607.82,52436.76,191544.58
2025,6,113,4449842.93,426148.18,763404.53,423036.24,6062431.88
2025,6,114,2839691,419881.92,815158.21,618757.8,4693488.93
2025,6,117,96984,72441,99597,215881.6,484903.6
2025,6,160,1785701.23,136700,468929.75,276188.71,2667519.69
2025,6,190,4277550,20500,0,0,4298050
2025,6,215,2040644.33,191811.53,506157.43,430697.61,3169310.9
2025,6,216,2160779,98944.96,371191.05,223364.4,2854279.41
2025,6,218,4814433,561590.14,418203.13,224508.23,6018734.5
2025,6,364,156630,19892.7,172622.87,104400.56,453546.13
2025,6,365,1962998,212830,287981.13,174594.47,2638403.6
2025,6,367,1450527,37229,411192.7,399074.27,2298022.97
2025,6,403,0,0,-1.03,1716.01,1714.98
2025,6,404,0,0,251.41,0,251.41
2025,6,520,18250,134500,148006.64,58620.48,359377.12
2025,6,536,526800,9500,141929.61,36634,714863.61
2025,7,113,1083510,533181.49,926532.21,459871.25,3003094.95
2025,7,114,4168419,494645.09,993506.38,620281.51,6276851.98
2025,7,117,0,80779.25,220698.47,290500.19,591977.91
2025,7,160,715870.65,198722.88,487360.12,250984.49,1652938.14
2025,7,190,290800,41500,0,0,332300
2025,7,215,2070611.4,228841.05,499727.44,404908.03,3204087.92
2025,7,216,198875,90550.6,373477.28,247429.72,910332.6
2025,7,218,4482030,644496.32,433520.43,238240.53,5798287.28
2025,7,364,374895.44,15750,242278.08,141092.64,774016.16
2025,7,365,1375581.15,226513.32,400442.71,228375.32,2230912.5
2025,7,367,814935,45133,437207.14,323143.95,1620419.09
2025,7,403,0,0,4392.83,17462.55,21855.38
2025,7,404,0,0,1871.35,0,1871.35
2025,7,520,222050,107200,280868.57,97846.1,707964.67
2025,7,536,272922,19000,141850.84,51781.72,485554.56
2025,8,113,7201855,462142.76,826487.5,467166.95,8957652.21
2025,8,114,3301673,284120.67,959045.65,564197.72,5109037.04
2025,8,117,0,89132,191589.55,252070.33,532791.88
2025,8,160,197089.36,205266.68,479554.84,226210.24,1108121.12
2025,8,190,1537600,59500,0,2487.43,1599587.43
2025,8,215,1615656,228178.09,421590.93,351559.41,2616984.43
2025,8,216,759157,76050.2,409739.78,260576.8,1505523.78
2025,8,218,314900,830732.32,427888.86,232486.31,1806007.49
2025,8,364,0,15750,195845.33,116537.1,328132.43
2025,8,365,516796,206498.67,431681.26,215378.22,1370354.15
2025,8,367,4146395.1,28700,420736.24,286341.56,4882172.9
2025,8,403,0,0,0,2368.58,2368.58
2025,8,520,932190,178476.66,166419.81,84052.21,1361138.68
2025,8,536,275938,16700,160274.9,48105.27,501018.17
2025,9,113,1264234.48,552253.27,851914.42,424428.3,3092830.47
2025,9,114,3789554,549158.98,905164.88,620284.57,5864162.43
2025,9,117,6086774,55768,198025.11,256142.64,6596709.75
2025,9,160,556712,213400,416511.83,212624.79,1399248.62
2025,9,190,978255.96,2387,0,0,980642.96
2025,9,215,1282039,258834.5,467280.46,455546.64,2463700.6
2025,9,216,1396935.33,76958.18,525559.44,282007.43,2281460.38
2025,9,218,3959925,610474.08,378533.43,197907.09,5146839.6
2025,9,364,14727,15750,129585.21,139784.16,299846.37
2025,9,365,1981460,188816.65,327723.39,218307.37,2716307.41
2025,9,367,932179.9,116889.9,451531.29,352064.91,1852666
2025,9,403,0,0,0,17211.55,17211.55
2025,9,520,965121,70116.64,195862.99,75724.01,1306824.64
2025,9,536,82000,9500,125588.88,65859.91,282948.79
