Year,Period,Branch,Branch (Name),Parts Counter,Parts Shop,Parts Other,Service Customer,Service Warranty,Service Internal,Service Sublet,Service CSA,Service ACAP,Parts All,Service All
2019,1,113,Raleigh,354,84,74,120,39,82,12,3,2,512,249
2019,1,114,Charlotte,443,59,98,78,24,131,14,30,2,600,268
2019,1,117,Greenville,131,14,35,29,31,27,1,3,0,180,90
2019,1,160,Asheville,270,30,63,33,33,35,1,3,0,363,104
2019,1,215,Columbia,254,40,83,60,38,69,6,4,4,377,177
2019,1,216,Piedmont,164,34,48,55,32,24,4,16,3,246,130
2019,1,218,Charleston,204,58,58,68,25,59,6,4,2,320,159
2019,1,364,Macon,20,20,18,29,12,7,0,0,7,58,55
2019,1,365,Savannah,279,52,139,91,55,110,9,4,11,470,272
2019,1,367,Buford,428,76,81,130,30,100,8,10,13,585,284
2019,1,520,Knoxville,144,21,12,35,8,35,8,3,0,177,86
2019,1,536,Chattanooga,101,12,12,16,7,23,4,0,0,125,48
2019,2,113,Raleigh,356,82,79,100,41,66,27,1,2,517,217
2019,2,114,Charlotte,492,68,121,90,33,179,14,37,3,681,344
2019,2,117,Greenville,104,12,35,22,22,18,3,2,7,151,71
2019,2,160,Asheville,234,39,43,61,17,42,1,3,0,316,123
2019,2,215,Columbia,221,37,69,43,27,60,6,5,3,327,138
2019,2,216,Piedmont,114,23,59,41,31,37,7,13,8,196,130
2019,2,218,Charleston,204,25,49,42,22,73,2,3,2,278,142
2019,2,364,Macon,13,14,21,24,11,12,0,3,9,48,59
2019,2,365,Savannah,269,35,108,62,74,75,9,4,13,412,229
2019,2,367,Buford,438,75,91,109,41,114,12,16,6,604,292
2019,2,520,Knoxville,169,25,9,38,1,40,2,0,0,203,81
2019,2,536,Chattanooga,89,12,10,19,3,38,5,1,0,111,62
2019,3,113,Raleigh,352,84,106,104,63,74,17,2,8,542,254
2019,3,114,Charlotte,515,60,119,90,50,152,4,24,0,694,316
2019,3,117,Greenville,99,20,39,21,12,16,5,2,19,158,70
2019,3,160,Asheville,275,30,68,51,37,52,1,5,3,373,148
2019,3,215,Columbia,272,58,88,76,38,75,4,12,4,418,205
2019,3,216,Piedmont,175,32,82,43,49,34,7,20,7,289,153
2019,3,218,Charleston,195,45,101,63,30,81,11,16,7,341,197
2019,3,364,Macon,47,33,63,50,42,20,2,0,15,143,129
2019,3,365,Savannah,278,35,105,57,46,84,13,3,14,418,209
2019,3,367,Buford,437,73,101,136,55,148,23,9,11,611,365
2019,3,520,Knoxville,156,32,17,60,11,24,3,2,0,205,97
2019,3,536,Chattanooga,100,10,18,16,3,25,0,2,2,128,49
2019,4,113,Raleigh,490,85,68,116,43,51,12,4,5,643,221
2019,4,114,Charlotte,538,71,107,104,25,148,8,36,4,716,318
2019,4,117,Greenville,111,23,69,33,30,27,3,1,28,203,119
2019,4,160,Asheville,294,47,60,70,34,41,0,8,1,401,154
2019,4,215,Columbia,308,69,107,89,40,109,5,9,2,484,252
2019,4,216,Piedmont,154,27,87,42,44,78,4,28,3,268,195
2019,4,218,Charleston,213,48,60,65,16,70,4,10,5,321,168
2019,4,364,Macon,85,18,32,40,24,8,4,0,13,135,86
2019,4,365,Savannah,276,37,129,70,58,92,7,1,11,442,233
2019,4,367,Buford,430,73,90,139,34,127,15,11,7,593,318
2019,4,520,Knoxville,210,24,23,43,8,35,3,0,2,257,88
2019,4,536,Chattanooga,93,17,18,28,8,31,3,1,3,128,71
2019,5,113,Raleigh,525,102,81,126,53,65,17,4,1,708,258
2019,5,114,Charlotte,577,60,115,101,25,171,9,38,2,752,337
2019,5,117,Greenville,137,18,53,29,22,20,8,2,13,208,87
2019,5,160,Asheville,298,49,67,65,34,47,4,6,1,414,153
2019,5,215,Columbia,275,74,116,92,42,93,5,21,6,465,255
2019,5,216,Piedmont,186,37,73,65,57,27,11,31,3,296,183
2019,5,218,Charleston,247,31,72,52,25,98,4,7,7,350,189
2019,5,364,Macon,102,27,42,47,34,21,2,3,2,171,107
2019,5,365,Savannah,322,56,110,73,61,67,7,6,5,488,212
2019,5,367,Buford,520,101,91,149,43,124,15,14,12,712,344
2019,5,520,Knoxville,177,27,17,43,5,33,9,5,1,221,88
2019,5,536,Chattanooga,95,16,15,21,10,34,0,0,1,126,66
2019,6,113,Raleigh,478,70,52,102,30,66,10,1,5,600,207
2019,6,114,Charlotte,452,62,139,102,40,152,2,36,6,653,337
2019,6,117,Greenville,88,19,44,30,30,14,7,3,28,151,106
2019,6,160,Asheville,243,43,42,59,16,39,3,3,1,328,118
2019,6,215,Columbia,266,42,110,53,54,71,5,5,6,418,190
2019,6,216,Piedmont,165,34,66,52,32,32,9,26,4,265,146
2019,6,218,Charleston,193,49,55,67,23,64,6,7,4,297,167
2019,6,364,Macon,69,27,45,45,33,16,2,1,17,141,112
2019,6,365,Savannah,224,74,141,101,63,103,16,4,22,439,294
2019,6,367,Buford,367,88,82,162,38,119,14,9,6,537,336
2019,6,520,Knoxville,145,31,21,38,8,50,3,0,2,197,100
2019,6,536,Chattanooga,116,19,18,26,7,20,7,2,0,153,56
2019,7,113,Raleigh,465,77,85,117,45,51,7,8,12,627,235
2019,7,114,Charlotte,489,53,111,97,32,161,10,26,2,653,318
2019,7,117,Greenville,98,11,48,17,16,8,5,3,37,157,83
2019,7,160,Asheville,297,46,35,56,17,25,0,4,2,378,104
2019,7,215,Columbia,237,101,141,132,84,114,5,9,5,479,345
2019,7,216,Piedmont,162,38,65,56,35,32,8,20,4,265,148
2019,7,218,Charleston,240,33,61,61,20,51,10,13,8,334,153
2019,7,364,Macon,81,16,44,35,28,13,1,0,13,141,89
2019,7,365,Savannah,241,52,144,87,97,91,13,4,12,437,293
2019,7,367,Buford,469,80,74,135,42,92,17,8,7,623,285
2019,7,520,Knoxville,241,22,16,30,6,31,0,0,3,279,70
2019,7,536,Chattanooga,112,21,9,30,8,16,2,1,0,142,55
2019,8,113,Raleigh,413,74,106,107,44,92,19,11,15,593,274
2019,8,114,Charlotte,491,63,132,111,43,180,15,37,4,686,376
2019,8,117,Greenville,114,18,39,28,20,9,6,2,21,171,81
2019,8,160,Asheville,277,39,54,50,13,38,1,5,2,370,108
2019,8,215,Columbia,264,63,72,99,25,73,3,6,3,399,206
2019,8,216,Piedmont,165,36,70,54,42,28,10,23,5,271,153
2019,8,218,Charleston,262,12,43,29,18,45,1,10,3,317,105
2019,8,364,Macon,85,19,46,42,35,19,1,1,12,150,110
2019,8,365,Savannah,306,50,127,90,84,80,10,9,20,483,284
2019,8,367,Buford,452,66,107,98,48,127,11,8,16,625,301
2019,8,520,Knoxville,261,29,10,48,1,30,1,0,0,300,79
2019,8,536,Chattanooga,126,18,21,22,6,30,3,3,0,165,61
2019,9,113,Raleigh,382,80,98,116,102,57,14,7,4,560,290
2019,9,114,Charlotte,501,59,141,111,56,164,9,33,2,701,367
2019,9,117,Greenville,90,13,38,26,14,14,15,2,17,141,74
2019,9,160,Asheville,278,41,41,56,27,31,1,5,-1,360,118
2019,9,215,Columbia,238,77,50,95,31,43,2,2,7,365,178
2019,9,216,Piedmont,143,32,48,50,38,28,6,28,-1,223,144
2019,9,218,Charleston,185,40,77,57,44,71,3,4,2,302,178
2019,9,364,Macon,53,21,33,36,30,20,1,1,5,107,92
2019,9,365,Savannah,228,32,95,55,86,60,2,2,5,355,208
2019,9,367,Buford,407,77,97,108,72,82,7,11,4,581,274
2019,9,520,Knoxville,222,18,23,46,7,35,2,0,0,263,89
2019,9,536,Chattanooga,114,22,18,33,18,15,1,0,1,154,67
2019,10,113,Raleigh,404,92,95,114,68,68,24,6,5,591,277
2019,10,114,Charlotte,512,59,116,104,38,152,13,41,4,687,341
2019,10,117,Greenville,98,19,38,25,26,9,2,2,16,155,79
2019,10,160,Asheville,280,42,67,59,36,25,0,27,4,389,151
2019,10,215,Columbia,234,66,96,93,30,60,4,25,4,396,213
2019,10,216,Piedmont,165,40,68,62,45,21,6,10,6,273,145
2019,10,218,Charleston,181,52,82,74,37,103,5,2,5,315,222
2019,10,364,Macon,85,32,44,54,27,34,1,2,8,161,126
2019,10,365,Savannah,245,39,104,77,82,41,15,3,22,388,226
2019,10,367,Buford,487,98,104,150,54,111,34,8,10,689,337
2019,10,520,Knoxville,210,24,18,38,6,51,2,3,1,252,99
2019,10,536,Chattanooga,129,23,20,27,14,20,3,1,0,172,62
2019,11,113,Raleigh,299,80,92,115,65,54,23,6,7,471,260
2019,11,114,Charlotte,370,45,97,68,36,164,8,21,3,512,293
2019,11,117,Greenville,85,14,48,19,27,11,2,2,24,147,83
2019,11,160,Asheville,191,37,71,65,21,46,5,23,6,299,161
2019,11,215,Columbia,177,59,65,88,23,74,4,1,3,301,190
2019,11,216,Piedmont,112,29,42,44,18,30,7,6,2,183,100
2019,11,218,Charleston,155,30,68,45,16,81,3,11,5,253,159
2019,11,364,Macon,37,23,31,37,19,24,6,0,3,91,84
2019,11,365,Savannah,220,40,55,59,40,32,15,1,9,315,143
2019,11,367,Buford,299,87,86,126,35,115,22,12,4,472,292
2019,11,520,Knoxville,140,16,14,27,7,35,0,0,1,170,70
2019,11,536,Chattanooga,86,17,19,23,8,32,2,0,2,122,66
2019,12,113,Raleigh,333,67,87,97,48,52,10,2,12,487,213
2019,12,114,Charlotte,392,64,101,110,34,113,14,31,2,557,290
2019,12,117,Greenville,102,22,57,38,30,10,6,2,28,181,108
2019,12,160,Asheville,169,41,70,52,28,46,4,21,4,280,151
2019,12,215,Columbia,183,81,75,110,34,73,5,6,4,339,227
2019,12,216,Piedmont,101,25,28,29,18,15,8,6,1,154,71
2019,12,218,Charleston,157,35,51,50,17,67,6,2,5,243,143
2019,12,364,Macon,66,28,31,46,24,13,2,3,3,125,89
2019,12,365,Savannah,181,44,95,78,78,49,19,7,21,320,234
2019,12,367,Buford,341,57,86,89,25,151,26,7,7,484,287
2019,12,520,Knoxville,173,34,8,42,2,42,5,0,0,215,86
2019,12,536,Chattanooga,73,24,23,34,12,35,2,0,0,120,81
2020,1,113,Raleigh,440,69,95,107,53,53,12,4,15,604,236
2020,1,114,Charlotte,437,70,103,110,38,119,14,26,1,610,296
2020,1,117,Greenville,78,14,37,25,11,7,2,2,23,129,68
2020,1,160,Asheville,192,51,45,67,20,27,4,13,7,288,134
2020,1,215,Columbia,277,40,58,50,35,33,1,5,3,375,126
2020,1,216,Piedmont,124,31,40,46,18,25,5,4,2,195,95
2020,1,218,Charleston,170,33,50,51,22,45,4,2,4,253,125
2020,1,364,Macon,78,25,40,66,23,13,1,0,18,143,120
2020,1,365,Savannah,281,36,121,82,59,60,7,10,18,438,230
2020,1,367,Buford,421,66,66,95,31,106,15,7,3,553,243
2020,1,520,Knoxville,96,22,17,33,10,32,0,3,0,135,78
2020,1,536,Chattanooga,104,15,13,29,7,29,2,4,0,132,69
2020,2,113,Raleigh,342,82,86,120,44,37,15,10,16,510,233
2020,2,114,Charlotte,355,61,114,91,64,115,10,20,6,530,297
2020,2,117,Greenville,80,11,16,14,4,7,3,0,10,107,35
2020,2,160,Asheville,203,34,54,44,32,13,1,26,2,291,117
2020,2,215,Columbia,196,79,76,93,35,58,5,4,3,351,193
2020,2,216,Piedmont,110,22,42,45,15,30,14,6,1,174,101
2020,2,218,Charleston,181,35,52,42,32,31,3,0,2,268,107
2020,2,364,Macon,84,22,42,46,18,12,0,1,13,148,90
2020,2,365,Savannah,166,39,82,62,31,47,9,3,15,287,161
2020,2,367,Buford,311,87,88,121,35,148,34,8,6,486,320
2020,2,520,Knoxville,121,21,15,31,6,9,1,5,3,157,55
2020,2,536,Chattanooga,62,18,15,26,6,30,5,2,1,95,66
2020,3,113,Raleigh,445,89,97,117,76,68,16,12,8,631,286
2020,3,114,Charlotte,450,69,140,114,75,113,11,30,3,659,336
2020,3,117,Greenville,83,24,59,38,36,16,4,2,24,166,115
2020,3,160,Asheville,207,34,58,47,21,33,1,24,4,299,129
2020,3,215,Columbia,207,79,80,105,41,52,2,11,4,366,212
2020,3,216,Piedmont,133,26,39,40,11,36,7,7,3,198,97
2020,3,218,Charleston,160,33,73,54,20,71,2,1,5,266,151
2020,3,364,Macon,100,42,45,63,33,19,0,1,6,187,122
2020,3,365,Savannah,277,49,96,85,44,68,35,1,19,422,223
2020,3,367,Buford,360,88,84,121,41,118,32,12,5,532,302
2020,3,520,Knoxville,88,22,9,34,7,14,2,2,1,119,58
2020,3,536,Chattanooga,81,22,21,32,10,27,1,1,1,124,71
2020,4,113,Raleigh,423,84,73,105,39,74,14,11,4,580,240
2020,4,114,Charlotte,441,74,117,112,54,113,11,37,4,632,322
2020,4,117,Greenville,70,21,53,28,57,17,1,2,13,144,117
2020,4,160,Asheville,235,41,93,58,53,33,0,31,4,369,179
2020,4,215,Columbia,254,49,64,67,23,45,3,8,3,367,148
2020,4,216,Piedmont,178,33,37,57,14,23,7,5,6,248,105
2020,4,218,Charleston,200,51,64,68,36,69,6,0,6,315,180
2020,4,364,Macon,90,26,44,58,28,10,1,1,13,160,110
2020,4,365,Savannah,257,57,93,98,43,63,17,9,12,407,228
2020,4,367,Buford,400,81,73,134,33,77,6,6,6,554,257
2020,4,520,Knoxville,125,22,11,36,3,24,9,2,0,158,71
2020,4,536,Chattanooga,91,22,13,35,13,29,1,0,0,126,77
2020,5,113,Raleigh,337,67,90,89,65,64,4,5,9,494,233
2020,5,114,Charlotte,400,62,131,88,49,162,5,21,3,593,323
2020,5,117,Greenville,74,12,34,24,30,15,4,3,6,120,79
2020,5,160,Asheville,213,39,70,46,35,23,1,36,8,322,149
2020,5,215,Columbia,213,77,53,99,22,46,3,8,6,343,181
2020,5,216,Piedmont,116,23,49,42,35,15,7,2,5,188,101
2020,5,218,Charleston,170,35,47,47,11,64,6,2,4,252,131
2020,5,364,Macon,82,27,43,47,32,11,0,0,15,152,105
2020,5,365,Savannah,230,42,126,85,68,83,9,3,28,398,270
2020,5,367,Buford,433,75,67,113,28,79,17,4,8,575,235
2020,5,520,Knoxville,99,27,12,36,5,25,4,4,1,138,71
2020,5,536,Chattanooga,89,26,14,39,6,44,3,-1,0,129,88
2020,6,113,Raleigh,426,69,101,113,60,69,3,5,22,596,269
2020,6,114,Charlotte,449,73,112,115,40,117,3,32,4,634,308
2020,6,117,Greenville,54,17,50,26,49,13,1,2,16,121,106
2020,6,160,Asheville,231,32,74,51,34,28,3,33,7,337,153
2020,6,215,Columbia,181,90,85,120,43,47,5,13,10,356,233
2020,6,216,Piedmont,158,38,42,57,23,27,7,6,1,238,117
2020,6,218,Charleston,190,35,35,45,17,41,2,0,1,260,105
2020,6,364,Macon,99,28,42,49,20,13,0,7,10,169,99
2020,6,365,Savannah,194,43,99,81,54,83,10,4,19,336,246
2020,6,367,Buford,378,88,78,156,36,76,10,6,13,544,289
2020,6,520,Knoxville,136,21,21,38,2,56,7,7,0,178,107
2020,6,536,Chattanooga,123,28,17,40,4,34,2,0,0,168,78
2020,7,113,Raleigh,477,70,106,124,86,66,11,5,14,653,299
2020,7,114,Charlotte,417,80,117,111,42,164,6,26,2,614,346
2020,7,117,Greenville,89,35,36,48,26,20,2,7,11,160,112
2020,7,160,Asheville,263,34,64,44,21,34,5,28,1,361,129
2020,7,215,Columbia,258,57,46,81,16,51,3,7,5,361,162
2020,7,216,Piedmont,163,22,43,35,12,35,7,5,2,228,91
2020,7,218,Charleston,177,29,49,40,20,43,5,0,3,255,106
2020,7,364,Macon,87,46,43,73,39,25,1,3,11,176,151
2020,7,365,Savannah,250,40,89,70,49,64,1,5,14,379,203
2020,7,367,Buford,414,77,108,121,29,123,14,21,13,599,311
2020,7,520,Knoxville,137,17,28,25,6,64,8,3,1,182,101
2020,7,536,Chattanooga,123,22,12,32,7,18,0,0,1,157,58
2020,8,113,Raleigh,417,75,105,102,74,61,4,7,14,597,259
2020,8,114,Charlotte,452,88,143,142,49,154,10,41,10,683,397
2020,8,117,Greenville,70,33,63,48,31,29,2,11,21,166,140
2020,8,160,Asheville,204,48,78,67,32,33,0,33,9,330,174
2020,8,215,Columbia,208,52,43,96,25,42,3,5,0,303,169
2020,8,216,Piedmont,156,33,62,49,30,43,12,5,10,251,145
2020,8,218,Charleston,183,57,49,75,17,44,1,1,12,289,149
2020,8,364,Macon,85,40,36,63,29,16,0,3,17,161,128
2020,8,365,Savannah,238,35,75,67,46,59,2,2,18,348,194
2020,8,367,Buford,368,82,87,120,41,114,8,4,10,537,293
2020,8,520,Knoxville,148,27,17,45,7,49,1,8,1,192,110
2020,8,536,Chattanooga,115,17,21,29,10,20,3,3,3,153,65
2020,9,113,Raleigh,464,74,92,106,71,59,9,4,15,630,259
2020,9,114,Charlotte,374,75,103,120,45,116,9,26,2,552,310
2020,9,117,Greenville,88,28,60,41,57,16,2,7,17,176,139
2020,9,160,Asheville,207,46,67,65,29,27,5,25,6,320,152
2020,9,215,Columbia,298,42,50,60,17,38,9,4,11,390,134
2020,9,216,Piedmont,171,29,48,38,19,33,4,6,3,248,101
2020,9,218,Charleston,191,42,47,52,13,53,2,1,2,280,123
2020,9,364,Macon,75,31,27,51,20,13,0,1,9,133,94
2020,9,365,Savannah,194,41,72,73,45,55,12,2,16,307,194
2020,9,367,Buford,364,80,75,128,18,94,20,12,10,519,267
2020,9,520,Knoxville,126,24,15,35,6,44,0,3,0,165,88
2020,9,536,Chattanooga,101,18,15,33,9,30,1,0,2,134,74
2020,10,113,Raleigh,504,86,103,113,52,65,17,15,18,693,270
2020,10,114,Charlotte,433,62,114,105,32,142,9,27,5,609,312
2020,10,117,Greenville,73,36,48,43,40,14,1,6,9,157,113
2020,10,160,Asheville,210,39,77,56,19,43,5,28,4,326,151
2020,10,215,Columbia,332,80,70,98,24,55,6,5,14,482,196
2020,10,216,Piedmont,203,35,37,58,14,36,9,1,3,275,114
2020,10,218,Charleston,206,35,45,53,16,56,3,1,6,286,132
2020,10,364,Macon,95,26,35,46,21,13,0,3,4,156,87
2020,10,365,Savannah,195,63,57,97,48,51,12,3,6,315,207
2020,10,367,Buford,389,75,75,121,25,88,16,8,11,539,258
2020,10,520,Knoxville,117,29,24,41,15,49,2,11,7,170,123
2020,10,536,Chattanooga,96,14,23,20,6,43,2,2,2,133,73
2020,11,113,Raleigh,406,87,102,133,57,58,13,8,28,595,291
2020,11,114,Charlotte,390,68,118,85,35,127,7,41,2,576,293
2020,11,117,Greenville,93,24,33,36,15,11,1,5,11,150,78
2020,11,160,Asheville,184,37,65,44,16,34,7,27,12,286,134
2020,11,215,Columbia,235,41,55,63,27,28,3,4,8,331,130
2020,11,216,Piedmont,119,36,26,46,13,13,5,4,2,181,79
2020,11,218,Charleston,211,20,32,33,9,47,4,2,2,263,95
2020,11,364,Macon,117,25,50,43,20,19,0,3,15,192,100
2020,11,365,Savannah,192,25,57,47,26,50,3,8,9,274,141
2020,11,367,Buford,274,63,59,100,20,63,11,8,4,396,197
2020,11,520,Knoxville,133,27,16,44,4,35,1,3,3,176,89
2020,11,536,Chattanooga,91,14,20,27,8,29,5,0,1,125,65
2020,12,113,Raleigh,438,74,100,105,60,55,13,12,14,612,249
2020,12,114,Charlotte,395,74,131,107,40,167,12,28,3,600,348
2020,12,117,Greenville,61,18,42,26,30,9,2,2,18,121,86
2020,12,160,Asheville,221,51,70,64,26,23,7,31,8,342,152
2020,12,215,Columbia,236,65,54,84,13,57,3,1,7,355,162
2020,12,216,Piedmont,128,33,44,50,19,27,6,3,6,205,106
2020,12,218,Charleston,156,30,46,49,16,54,1,1,5,232,126
2020,12,364,Macon,82,21,43,38,22,15,1,2,13,146,91
2020,12,365,Savannah,170,32,59,59,35,51,3,1,5,261,152
2020,12,367,Buford,323,66,79,112,20,97,19,9,16,468,257
2020,12,520,Knoxville,88,21,25,44,5,58,1,3,5,134,115
2020,12,536,Chattanooga,99,15,21,21,4,21,2,1,2,135,50
2021,1,113,Raleigh,570,71,71,89,44,41,10,12,6,712,195
2021,1,114,Charlotte,403,84,106,113,20,120,9,31,3,593,288
2021,1,117,Greenville,60,25,38,28,21,19,2,2,9,123,79
2021,1,160,Asheville,196,33,55,44,19,44,2,18,5,284,130
2021,1,215,Columbia,239,38,58,69,17,60,2,0,3,335,150
2021,1,216,Piedmont,149,39,34,56,17,23,7,4,7,222,111
2021,1,218,Charleston,216,26,43,47,15,53,1,1,2,285,118
2021,1,364,Macon,102,24,33,44,13,15,0,4,10,159,86
2021,1,365,Savannah,187,51,50,83,32,50,5,1,9,288,178
2021,1,367,Buford,332,59,68,84,21,90,8,8,9,459,213
2021,1,520,Knoxville,112,15,23,37,5,33,0,9,4,150,88
2021,1,536,Chattanooga,79,22,8,34,4,13,0,0,0,109,51
2021,2,113,Raleigh,485,87,73,130,44,34,18,9,14,645,239
2021,2,114,Charlotte,360,67,132,103,36,125,7,50,4,559,319
2021,2,117,Greenville,34,18,28,27,14,10,0,8,7,80,63
2021,2,160,Asheville,243,36,68,51,22,44,6,28,4,347,149
2021,2,215,Columbia,223,52,59,62,29,43,4,1,9,334,144
2021,2,216,Piedmont,131,25,41,36,14,40,8,3,4,197,98
2021,2,218,Charleston,172,27,50,42,25,22,0,3,5,249,97
2021,2,364,Macon,105,22,41,42,13,28,0,2,14,168,99
2021,2,365,Savannah,183,32,63,46,20,29,4,15,12,278,122
2021,2,367,Buford,344,63,75,93,21,98,8,6,18,482,234
2021,2,520,Knoxville,88,14,27,35,11,43,4,3,9,129,104
2021,2,536,Chattanooga,80,14,10,20,3,18,2,1,1,104,43
2021,3,113,Raleigh,633,80,77,133,47,68,11,2,11,790,264
2021,3,114,Charlotte,453,104,104,146,19,152,14,30,3,661,350
2021,3,117,Greenville,16,29,64,55,45,31,5,8,13,109,153
2021,3,160,Asheville,298,44,75,59,26,53,7,39,2,417,179
2021,3,215,Columbia,324,45,78,67,17,99,11,1,5,447,192
2021,3,216,Piedmont,194,59,46,80,19,37,11,4,3,299,144
2021,3,218,Charleston,233,51,84,71,16,31,5,6,9,368,134
2021,3,364,Macon,105,28,52,64,21,34,1,4,22,185,145
2021,3,365,Savannah,235,55,79,76,46,47,15,3,21,369,195
2021,3,367,Buford,435,96,112,131,29,148,8,16,11,643,337
2021,3,520,Knoxville,136,27,32,47,6,44,1,9,7,195,113
2021,3,536,Chattanooga,119,21,13,22,6,28,5,1,1,153,60
2021,4,113,Raleigh,755,83,82,121,47,54,10,5,11,920,243
2021,4,114,Charlotte,509,92,114,135,35,119,14,36,4,715,333
2021,4,117,Greenville,7,18,22,29,14,6,2,2,7,47,59
2021,4,160,Asheville,259,33,71,49,33,32,7,26,4,363,145
2021,4,215,Columbia,259,64,66,80,26,51,7,1,6,389,165
2021,4,216,Piedmont,189,46,45,67,13,43,5,2,6,280,132
2021,4,218,Charleston,267,41,67,48,14,17,4,6,4,375,91
2021,4,364,Macon,73,13,9,20,9,4,1,0,2,95,35
2021,4,365,Savannah,234,40,77,72,35,43,11,10,10,351,172
2021,4,367,Buford,385,67,90,99,22,115,12,14,7,542,259
2021,4,520,Knoxville,136,26,21,40,7,35,0,5,2,183,89
2021,4,536,Chattanooga,101,21,15,30,9,10,1,1,0,137,50
2021,5,113,Raleigh,688,65,87,97,45,60,15,2,9,840,220
2021,5,114,Charlotte,438,70,115,110,37,102,13,33,6,623,290
2021,5,117,Greenville,4,19,33,25,25,6,1,6,14,56,76
2021,5,160,Asheville,241,40,61,47,30,31,9,30,5,342,143
2021,5,215,Columbia,272,42,78,64,34,54,5,0,24,392,177
2021,5,216,Piedmont,146,54,33,64,10,31,5,4,4,233,114
2021,5,218,Charleston,223,31,63,48,29,31,4,10,6,317,126
2021,5,364,Macon,46,37,35,55,23,27,2,2,15,118,122
2021,5,365,Savannah,203,34,65,59,26,58,23,8,9,302,163
2021,5,367,Buford,377,70,57,96,17,71,13,9,7,504,204
2021,5,520,Knoxville,115,14,16,26,4,38,1,7,4,145,79
2021,5,536,Chattanooga,100,21,11,27,5,15,0,1,2,132,50
2021,6,113,Raleigh,696,95,110,148,91,48,19,3,19,901,314
2021,6,114,Charlotte,492,87,161,128,74,143,4,45,4,740,394
2021,6,117,Greenville,6,33,58,37,52,7,1,6,16,97,118
2021,6,160,Asheville,247,36,75,50,21,42,17,41,10,358,166
2021,6,215,Columbia,259,46,32,70,36,31,2,0,3,337,141
2021,6,216,Piedmont,243,50,40,73,29,24,7,10,4,333,143
2021,6,218,Charleston,235,51,70,63,41,24,3,13,4,356,146
2021,6,364,Macon,61,9,6,20,7,11,0,0,5,76,43
2021,6,365,Savannah,262,60,96,95,81,47,13,6,21,418,252
2021,6,367,Buford,395,70,66,110,51,129,14,4,10,531,305
2021,6,520,Knoxville,111,13,12,29,10,38,3,0,1,136,78
2021,6,536,Chattanooga,85,28,12,37,6,20,1,0,0,125,63
2021,7,113,Raleigh,614,88,104,120,107,41,13,4,9,806,285
2021,7,114,Charlotte,575,68,136,109,53,94,10,36,5,779,303
2021,7,117,Greenville,5,14,48,17,36,9,0,4,10,67,76
2021,7,160,Asheville,262,38,60,47,18,32,8,32,2,360,131
2021,7,215,Columbia,263,39,62,63,43,37,8,1,7,364,154
2021,7,216,Piedmont,153,48,31,71,16,37,11,0,4,232,132
2021,7,218,Charleston,224,47,64,70,23,34,4,8,5,335,142
2021,7,364,Macon,43,57,35,75,32,19,0,1,11,135,138
2021,7,365,Savannah,230,50,86,74,45,52,13,6,10,366,187
2021,7,367,Buford,355,53,49,79,10,86,8,6,9,457,193
2021,7,520,Knoxville,112,26,12,38,8,27,5,1,0,150,74
2021,7,536,Chattanooga,68,12,9,21,6,7,4,0,1,89,35
2021,8,113,Raleigh,656,87,103,141,81,50,8,3,25,846,301
2021,8,114,Charlotte,495,87,114,136,30,136,11,23,6,696,331
2021,8,117,Greenville,7,33,47,52,21,18,1,15,10,87,116
2021,8,160,Asheville,256,43,68,55,20,41,14,34,5,367,155
2021,8,215,Columbia,255,35,56,55,33,36,6,2,2,346,133
2021,8,216,Piedmont,176,54,45,81,16,24,9,10,0,275,132
2021,8,218,Charleston,212,37,61,43,24,38,9,5,3,310,119
2021,8,364,Macon,46,29,17,45,21,6,1,0,5,92,77
2021,8,365,Savannah,254,51,76,84,44,49,9,9,15,381,202
2021,8,367,Buford,401,73,59,114,21,74,7,11,11,533,232
2021,8,520,Knoxville,102,18,19,33,5,28,7,4,2,139,74
2021,8,536,Chattanooga,88,25,13,33,6,5,5,2,0,126,47
2021,9,113,Raleigh,623,96,81,136,48,54,3,6,10,800,254
2021,9,114,Charlotte,470,81,115,119,26,155,8,30,10,666,340
2021,9,117,Greenville,21,18,55,31,36,10,0,5,17,94,99
2021,9,160,Asheville,247,36,82,48,25,29,11,33,8,365,145
2021,9,215,Columbia,312,37,34,47,13,27,6,0,4,383,93
2021,9,216,Piedmont,165,61,33,86,20,18,7,1,0,259,127
2021,9,218,Charleston,218,42,66,54,14,24,5,15,5,326,114
2021,9,364,Macon,59,58,33,75,14,13,0,2,11,150,115
2021,9,365,Savannah,232,64,84,92,32,48,9,13,15,380,201
2021,9,367,Buford,344,60,47,71,16,55,11,10,4,451,159
2021,9,520,Knoxville,79,20,10,29,3,41,5,1,0,109,75
2021,9,536,Chattanooga,83,17,12,21,3,14,1,2,0,112,40
2021,10,113,Raleigh,618,90,116,120,93,60,9,1,20,824,297
2021,10,114,Charlotte,491,93,142,123,33,112,11,50,9,726,330
2021,10,117,Greenville,23,33,34,36,19,3,1,10,12,90,79
2021,10,160,Asheville,270,42,64,58,21,39,13,34,10,376,162
2021,10,215,Columbia,268,19,46,36,18,39,7,0,-1,333,93
2021,10,216,Piedmont,141,56,25,73,17,11,12,4,0,222,112
2021,10,218,Charleston,256,28,69,48,25,40,7,12,6,353,133
2021,10,364,Macon,56,42,38,52,22,8,0,6,11,136,99
2021,10,365,Savannah,209,56,103,89,52,54,9,7,15,368,219
2021,10,367,Buford,382,62,40,87,18,54,11,4,6,484,172
2021,10,520,Knoxville,92,11,24,20,8,46,2,4,2,127,80
2021,10,536,Chattanooga,78,24,17,32,7,18,3,1,3,119,62
2021,11,113,Raleigh,547,77,75,106,66,46,6,2,4,699,225
2021,11,114,Charlotte,461,69,113,108,26,122,7,34,3,643,294
2021,11,117,Greenville,15,29,26,32,15,7,1,3,10,70,67
2021,11,160,Asheville,191,42,62,52,9,33,7,31,7,295,132
2021,11,215,Columbia,224,44,59,55,33,32,5,2,6,327,129
2021,11,216,Piedmont,149,77,25,97,11,24,6,0,3,251,135
2021,11,218,Charleston,218,28,43,48,12,32,1,7,3,289,102
2021,11,364,Macon,62,22,32,39,22,9,0,3,9,116,82
2021,11,365,Savannah,197,46,64,64,31,32,8,8,11,307,148
2021,11,367,Buford,334,55,46,93,26,46,6,6,4,435,176
2021,11,520,Knoxville,109,12,10,20,2,18,2,0,4,131,44
2021,11,536,Chattanooga,108,22,8,24,0,33,5,0,0,138,58
2021,12,113,Raleigh,541,92,91,144,57,41,12,3,23,724,272
2021,12,114,Charlotte,414,84,134,110,30,115,16,56,5,632,317
2021,12,117,Greenville,17,20,36,30,17,29,4,12,9,73,97
2021,12,160,Asheville,240,40,54,54,10,34,11,34,10,334,143
2021,12,215,Columbia,220,37,54,45,39,38,13,1,0,311,131
2021,12,216,Piedmont,139,72,27,94,16,18,11,1,3,238,133
2021,12,218,Charleston,216,35,40,53,10,33,5,6,8,291,112
2021,12,364,Macon,24,25,39,56,31,4,1,0,15,88,106
2021,12,365,Savannah,222,41,74,73,36,41,9,6,19,337,176
2021,12,367,Buford,335,87,47,117,15,69,6,4,8,469,214
2021,12,520,Knoxville,91,4,9,10,2,17,2,0,0,104,30
2021,12,536,Chattanooga,79,11,15,14,3,22,6,0,3,105,43
2022,1,113,Raleigh,535,64,48,102,33,16,8,3,13,647,167
2022,1,114,Charlotte,422,91,101,93,22,70,10,43,3,614,233
2022,1,117,Greenville,18,26,39,29,23,17,1,6,3,83,78
2022,1,160,Asheville,212,33,47,41,9,34,10,19,4,292,107
2022,1,215,Columbia,270,33,28,53,33,13,2,1,5,331,105
2022,1,216,Piedmont,108,52,24,69,9,28,5,0,3,184,109
2022,1,218,Charleston,186,19,35,31,11,33,3,5,0,240,81
2022,1,364,Macon,27,26,20,40,16,8,0,4,4,73,72
2022,1,365,Savannah,303,50,97,87,49,61,8,12,12,450,222
2022,1,367,Buford,350,59,41,94,27,59,6,0,3,450,184
2022,1,520,Knoxville,87,13,11,20,8,14,3,2,0,111,45
2022,1,536,Chattanooga,82,9,15,12,3,22,1,2,4,106,43
2022,2,113,Raleigh,536,58,49,96,52,25,8,0,10,643,183
2022,2,114,Charlotte,380,114,130,132,24,80,9,62,4,624,303
2022,2,117,Greenville,18,24,36,26,8,27,3,9,15,78,86
2022,2,160,Asheville,239,40,76,50,16,33,8,32,11,355,143
2022,2,215,Columbia,221,67,36,84,16,27,4,2,4,324,133
2022,2,216,Piedmont,163,44,32,63,10,29,3,8,0,239,110
2022,2,218,Charleston,204,38,52,50,13,39,4,16,3,294,122
2022,2,364,Macon,53,46,24,63,32,5,0,0,6,123,106
2022,2,365,Savannah,299,60,90,85,48,62,7,7,20,449,226
2022,2,367,Buford,417,48,52,81,7,85,8,9,5,517,190
2022,2,520,Knoxville,70,19,9,28,3,11,3,3,1,98,46
2022,2,536,Chattanooga,88,27,9,33,2,14,0,0,1,124,50
2022,3,113,Raleigh,612,111,78,169,39,41,12,4,26,801,282
2022,3,114,Charlotte,495,137,174,150,36,115,9,88,9,806,398
2022,3,117,Greenville,11,41,24,45,6,21,5,8,7,76,87
2022,3,160,Asheville,280,55,60,64,17,28,4,28,10,395,147
2022,3,215,Columbia,266,49,42,65,29,26,4,2,0,357,122
2022,3,216,Piedmont,221,68,29,94,10,31,8,1,1,318,141
2022,3,218,Charleston,270,60,53,81,18,54,4,12,5,383,170
2022,3,364,Macon,101,40,32,58,34,13,1,1,3,173,109
2022,3,365,Savannah,280,74,112,112,52,69,22,16,18,466,268
2022,3,367,Buford,416,78,77,111,29,114,15,7,10,571,272
2022,3,520,Knoxville,121,14,9,28,5,8,6,0,1,144,43
2022,3,536,Chattanooga,85,16,10,25,3,7,2,4,3,111,42
2022,4,113,Raleigh,591,72,80,137,75,28,8,1,11,743,253
2022,4,114,Charlotte,422,113,156,130,32,95,6,50,9,691,316
2022,4,117,Greenville,11,29,28,40,7,13,3,9,11,68,80
2022,4,160,Asheville,258,56,69,74,25,15,0,31,4,383,149
2022,4,215,Columbia,224,34,30,48,27,10,3,0,1,288,86
2022,4,216,Piedmont,174,55,18,75,11,14,5,3,0,247,104
2022,4,218,Charleston,217,37,51,56,16,39,3,10,5,305,127
2022,4,364,Macon,114,16,13,31,15,3,1,0,4,143,53
2022,4,365,Savannah,241,53,73,94,49,34,6,13,16,367,207
2022,4,367,Buford,330,61,79,86,34,112,7,4,4,470,243
2022,4,520,Knoxville,128,19,6,29,3,6,6,0,1,153,39
2022,4,536,Chattanooga,67,18,9,25,1,28,3,1,0,94,55
2022,5,113,Raleigh,589,98,53,177,36,29,5,3,8,740,254
2022,5,114,Charlotte,409,90,131,117,22,66,10,48,7,630,263
2022,5,117,Greenville,8,28,29,35,11,14,3,13,11,65,84
2022,5,160,Asheville,282,34,84,52,21,32,1,40,17,400,162
2022,5,215,Columbia,263,32,31,50,9,17,2,0,2,326,78
2022,5,216,Piedmont,206,65,16,90,5,18,10,2,0,287,120
2022,5,218,Charleston,205,34,64,63,23,54,6,8,5,303,153
2022,5,364,Macon,120,28,18,49,19,5,1,0,6,166,80
2022,5,365,Savannah,199,49,75,85,23,34,8,13,21,323,179
2022,5,367,Buford,354,67,50,98,39,86,12,1,-1,471,227
2022,5,520,Knoxville,100,16,6,23,3,7,1,0,0,122,33
2022,5,536,Chattanooga,97,14,10,24,1,23,1,1,0,121,49
2022,6,113,Raleigh,647,79,75,136,59,24,7,1,17,801,239
2022,6,114,Charlotte,551,108,124,146,27,54,12,46,9,783,284
2022,6,117,Greenville,15,32,33,34,10,9,1,9,15,80,77
2022,6,160,Asheville,253,58,62,80,8,31,1,47,7,373,173
2022,6,215,Columbia,257,37,34,56,12,16,7,2,10,328,97
2022,6,216,Piedmont,234,53,22,85,11,8,8,2,4,309,111
2022,6,218,Charleston,252,44,40,62,15,35,2,4,9,336,127
2022,6,364,Macon,139,17,18,31,12,0,0,0,10,174,53
2022,6,365,Savannah,294,77,76,139,49,43,3,7,12,447,253
2022,6,367,Buford,385,80,48,104,23,64,18,3,2,513,201
2022,6,520,Knoxville,105,25,7,37,0,18,3,0,3,137,58
2022,6,536,Chattanooga,96,23,14,27,6,27,2,0,0,133,60
2022,7,113,Raleigh,569,63,66,124,50,33,12,0,18,698,228
2022,7,114,Charlotte,491,105,88,142,27,58,10,30,7,684,264
2022,7,117,Greenville,13,37,34,40,10,11,3,16,11,84,88
2022,7,160,Asheville,290,41,46,46,32,20,0,29,6,377,133
2022,7,215,Columbia,248,30,29,60,10,36,3,0,3,307,109
2022,7,216,Piedmont,179,62,7,90,43,8,5,-10,1,248,134
2022,7,218,Charleston,228,55,20,70,8,22,7,5,4,303,111
2022,7,364,Macon,99,21,31,37,23,5,0,0,13,151,78
2022,7,365,Savannah,245,69,70,112,44,28,4,8,19,384,213
2022,7,367,Buford,310,80,46,113,25,60,12,1,8,436,211
2022,7,520,Knoxville,92,14,7,19,1,11,0,0,1,113,32
2022,7,536,Chattanooga,89,21,5,26,3,15,0,0,0,115,44
2022,8,113,Raleigh,575,82,91,151,156,45,10,3,21,748,381
2022,8,114,Charlotte,555,115,137,157,76,95,17,50,6,807,387
2022,8,117,Greenville,13,25,71,28,32,24,1,21,16,109,121
2022,8,160,Asheville,252,71,65,82,28,25,2,38,6,388,179
2022,8,215,Columbia,246,37,26,54,9,16,1,1,4,309,84
2022,8,216,Piedmont,179,85,49,107,55,14,8,3,2,313,184
2022,8,218,Charleston,249,46,42,69,9,33,6,15,5,337,131
2022,8,364,Macon,126,26,38,50,35,5,0,0,14,190,104
2022,8,365,Savannah,261,104,124,165,80,55,8,15,19,489,335
2022,8,367,Buford,353,64,57,95,33,71,5,7,12,474,219
2022,8,520,Knoxville,116,17,13,23,8,24,1,0,3,146,59
2022,8,536,Chattanooga,107,23,15,36,13,21,0,1,0,145,71
2022,9,113,Raleigh,560,84,69,149,95,35,8,1,16,713,298
2022,9,114,Charlotte,418,94,141,136,68,86,14,48,4,653,343
2022,9,117,Greenville,10,30,49,39,11,3,1,32,8,89,93
2022,9,160,Asheville,287,42,55,52,18,19,0,38,6,384,133
2022,9,215,Columbia,222,43,35,69,16,18,1,0,0,300,103
2022,9,216,Piedmont,160,58,26,80,16,20,11,0,0,244,116
2022,9,218,Charleston,178,36,23,47,1,26,4,4,4,237,83
2022,9,364,Macon,153,16,24,25,28,3,3,2,6,193,66
2022,9,365,Savannah,278,80,77,127,60,33,6,6,20,435,247
2022,9,367,Buford,350,51,46,72,22,57,10,0,4,447,160
2022,9,520,Knoxville,93,20,8,24,4,14,0,0,0,121,42
2022,9,536,Chattanooga,84,18,7,27,4,21,1,0,1,109,54
2022,10,113,Raleigh,602,121,69,188,59,32,10,9,8,792,297
2022,10,114,Charlotte,488,121,115,161,30,61,13,47,8,724,310
2022,10,117,Greenville,12,58,71,55,13,0,3,51,11,141,131
2022,10,160,Asheville,248,51,62,61,18,31,0,38,8,361,156
2022,10,215,Columbia,198,55,39,77,18,18,3,1,8,292,122
2022,10,216,Piedmont,204,52,23,73,10,22,4,0,1,279,107
2022,10,218,Charleston,180,54,32,64,9,23,5,5,3,266,105
2022,10,364,Macon,103,31,23,53,20,3,1,0,14,157,91
2022,10,365,Savannah,268,60,55,98,27,41,3,13,12,383,191
2022,10,367,Buford,323,88,57,133,49,75,9,1,1,468,261
2022,10,520,Knoxville,93,16,10,18,5,13,0,0,1,119,37
2022,10,536,Chattanooga,79,23,15,31,6,42,3,0,0,117,80
2022,11,113,Raleigh,460,86,73,134,33,30,10,10,19,619,228
2022,11,114,Charlotte,369,98,110,130,45,66,12,27,4,577,274
2022,11,117,Greenville,14,39,87,26,13,6,3,58,15,140,120
2022,11,160,Asheville,181,42,34,49,15,17,1,25,4,257,111
2022,11,215,Columbia,252,34,40,47,5,32,5,2,5,326,92
2022,11,216,Piedmont,165,54,33,73,16,15,7,2,6,252,113
2022,11,218,Charleston,229,42,34,54,13,29,5,5,2,305,103
2022,11,364,Macon,100,26,27,53,12,8,3,0,27,153,100
2022,11,365,Savannah,247,67,54,100,34,37,4,3,7,368,181
2022,11,367,Buford,300,65,42,101,22,22,6,1,11,407,160
2022,11,520,Knoxville,115,17,8,25,4,22,2,0,0,140,52
2022,11,536,Chattanooga,75,12,9,13,0,38,3,0,0,96,52
2022,12,113,Raleigh,397,89,68,141,56,27,9,3,22,554,252
2022,12,114,Charlotte,331,106,136,150,47,105,17,47,9,573,360
2022,12,117,Greenville,14,59,73,52,9,13,19,47,8,146,135
2022,12,160,Asheville,190,39,53,50,15,28,0,23,8,282,124
2022,12,215,Columbia,168,47,37,67,18,18,3,4,-2,252,106
2022,12,216,Piedmont,123,63,19,80,13,20,11,0,4,205,117
2022,12,218,Charleston,240,45,42,69,7,36,7,6,3,327,124
2022,12,364,Macon,103,20,19,39,9,9,1,0,9,142,66
2022,12,365,Savannah,180,73,79,113,42,55,4,12,11,332,235
2022,12,367,Buford,256,83,60,100,57,81,14,1,3,399,248
2022,12,520,Knoxville,78,6,7,15,4,15,0,0,2,91,36
2022,12,536,Chattanooga,70,22,6,31,5,26,0,0,0,98,62
2023,1,113,Raleigh,561,66,49,106,49,48,6,2,9,676,214
2023,1,114,Charlotte,358,99,116,132,20,86,10,40,9,573,288
2023,1,117,Greenville,18,55,80,55,10,14,2,57,16,153,152
2023,1,160,Asheville,216,43,41,54,11,16,0,29,2,300,112
2023,1,215,Columbia,198,34,36,52,13,20,2,4,1,268,90
2023,1,216,Piedmont,142,63,18,86,4,14,12,2,4,223,113
2023,1,218,Charleston,214,32,34,55,25,18,3,10,1,280,111
2023,1,364,Macon,122,19,19,29,8,14,1,1,9,160,61
2023,1,365,Savannah,225,52,66,88,37,52,6,9,10,343,196
2023,1,367,Buford,288,52,41,89,21,71,6,3,4,381,189
2023,1,520,Knoxville,84,14,3,28,1,16,0,0,1,101,46
2023,1,536,Chattanooga,90,12,6,22,3,13,2,0,0,108,38
2023,2,113,Raleigh,476,85,47,121,36,35,10,7,11,608,211
2023,2,114,Charlotte,447,133,109,175,25,107,19,40,7,689,358
2023,2,117,Greenville,16,46,80,63,19,31,4,43,15,142,171
2023,2,160,Asheville,254,43,38,54,11,7,0,30,8,335,110
2023,2,215,Columbia,208,32,28,46,15,17,3,2,1,268,81
2023,2,216,Piedmont,163,83,18,94,10,23,13,1,1,264,133
2023,2,218,Charleston,230,32,26,49,23,29,5,1,2,288,107
2023,2,364,Macon,108,37,18,50,5,5,0,0,13,163,73
2023,2,365,Savannah,166,47,60,95,28,29,4,6,6,273,166
2023,2,367,Buford,276,71,66,106,80,60,8,0,3,413,250
2023,2,520,Knoxville,96,15,2,25,0,12,1,0,0,113,37
2023,2,536,Chattanooga,80,21,4,25,-1,7,1,1,0,105,32
2023,3,113,Raleigh,538,86,44,138,30,36,13,3,12,668,221
2023,3,114,Charlotte,544,112,130,154,34,96,14,46,15,786,345
2023,3,117,Greenville,11,56,82,71,23,26,1,46,21,149,188
2023,3,160,Asheville,231,56,67,69,20,15,0,32,6,354,142
2023,3,215,Columbia,238,47,22,63,1,24,4,0,5,307,93
2023,3,216,Piedmont,204,56,33,79,22,33,10,1,2,293,137
2023,3,218,Charleston,247,50,38,74,23,44,6,4,1,335,147
2023,3,364,Macon,140,27,21,52,9,6,1,0,11,188,78
2023,3,365,Savannah,193,61,100,161,41,41,6,12,25,354,282
2023,3,367,Buford,357,74,64,124,58,86,9,0,2,495,272
2023,3,520,Knoxville,103,24,3,35,3,13,1,0,0,130,51
2023,3,536,Chattanooga,89,23,2,31,0,11,1,0,0,114,42
2023,4,113,Raleigh,508,71,49,123,49,32,8,0,9,628,216
2023,4,114,Charlotte,409,83,111,149,30,96,16,38,17,603,332
2023,4,117,Greenville,19,26,75,33,24,13,0,42,24,120,136
2023,4,160,Asheville,259,38,50,48,21,10,0,30,6,347,115
2023,4,215,Columbia,190,44,37,58,12,26,2,3,5,271,104
2023,4,216,Piedmont,158,48,33,69,6,33,11,4,1,239,114
2023,4,218,Charleston,205,44,39,57,27,30,4,4,2,288,120
2023,4,364,Macon,129,21,28,37,23,1,0,0,9,178,70
2023,4,365,Savannah,141,53,89,105,56,50,7,12,25,283,250
2023,4,367,Buford,313,79,54,114,49,72,9,1,4,446,243
2023,4,520,Knoxville,106,10,8,16,3,20,0,0,1,124,40
2023,4,536,Chattanooga,72,9,3,14,2,2,1,0,0,84,18
2023,5,113,Raleigh,513,52,47,102,45,37,10,2,9,612,199
2023,5,114,Charlotte,544,97,123,148,42,89,15,42,8,764,330
2023,5,117,Greenville,16,43,85,56,32,15,1,54,12,144,169
2023,5,160,Asheville,201,38,43,52,9,14,0,26,6,282,107
2023,5,215,Columbia,179,23,40,34,7,37,3,2,1,242,82
2023,5,216,Piedmont,186,57,35,68,10,48,9,2,2,278,131
2023,5,218,Charleston,298,42,46,66,27,28,2,7,5,386,134
2023,5,364,Macon,159,27,17,38,11,25,2,1,10,203,86
2023,5,365,Savannah,174,40,57,73,50,38,9,3,15,271,185
2023,5,367,Buford,342,66,41,84,36,65,10,0,4,449,191
2023,5,520,Knoxville,78,18,9,24,6,21,0,0,0,105,51
2023,5,536,Chattanooga,88,17,7,16,0,7,1,0,0,112,23
2023,6,113,Raleigh,551,80,67,123,48,54,15,3,4,698,239
2023,6,114,Charlotte,500,75,136,111,36,117,7,37,7,711,310
2023,6,117,Greenville,17,63,84,60,22,15,2,60,13,164,170
2023,6,160,Asheville,257,50,62,65,10,12,0,33,8,369,128
2023,6,215,Columbia,217,46,72,87,12,78,3,7,2,335,186
2023,6,216,Piedmont,192,68,41,93,18,39,12,0,2,301,155
2023,6,218,Charleston,229,41,49,55,20,31,5,8,7,319,121
2023,6,364,Macon,144,16,9,30,5,7,0,0,5,169,47
2023,6,365,Savannah,128,42,56,75,43,18,2,15,10,226,161
2023,6,367,Buford,316,75,39,100,30,61,7,4,5,430,201
2023,6,520,Knoxville,111,16,16,28,14,34,0,0,1,143,77
2023,6,536,Chattanooga,82,31,11,39,4,13,0,0,1,124,57
2023,7,113,Raleigh,455,72,49,120,55,27,4,1,9,576,213
2023,7,114,Charlotte,504,114,104,161,48,63,13,30,8,722,311
2023,7,117,Greenville,20,71,93,77,23,17,4,58,27,184,202
2023,7,160,Asheville,214,51,35,57,8,5,0,34,2,300,106
2023,7,215,Columbia,183,51,64,70,41,35,5,6,9,298,163
2023,7,216,Piedmont,182,59,39,87,15,40,7,1,3,280,146
2023,7,218,Charleston,235,41,41,62,20,25,2,1,8,317,116
2023,7,364,Macon,173,34,12,50,8,19,0,0,7,219,84
2023,7,365,Savannah,146,50,68,87,41,37,16,7,11,264,191
2023,7,367,Buford,268,72,92,95,82,61,12,1,9,432,254
2023,7,520,Knoxville,96,24,8,32,4,23,0,0,0,128,59
2023,7,536,Chattanooga,59,18,5,23,4,6,2,0,0,82,33
2023,8,113,Raleigh,646,97,59,135,51,47,7,0,8,802,244
2023,8,114,Charlotte,490,98,132,114,21,133,14,64,7,720,342
2023,8,117,Greenville,15,68,81,72,14,31,2,55,16,164,188
2023,8,160,Asheville,313,68,57,93,17,6,0,39,10,438,165
2023,8,215,Columbia,256,55,85,99,42,41,2,17,14,396,213
2023,8,216,Piedmont,222,64,35,86,20,35,9,1,4,321,149
2023,8,218,Charleston,259,25,47,39,30,19,3,3,5,331,97
2023,8,364,Macon,167,33,25,54,15,19,0,3,8,225,99
2023,8,365,Savannah,178,66,76,97,35,58,0,14,10,320,214
2023,8,367,Buford,425,98,68,149,43,108,7,0,15,591,319
2023,8,520,Knoxville,73,15,12,22,5,38,0,0,0,100,65
2023,8,536,Chattanooga,106,14,11,17,10,1,0,1,0,131,29
2023,9,113,Raleigh,450,98,77,140,52,56,15,6,11,625,271
2023,9,114,Charlotte,471,119,114,171,33,90,15,41,7,704,344
2023,9,117,Greenville,12,47,83,49,9,38,9,46,11,142,154
2023,9,160,Asheville,255,35,58,47,14,12,0,35,6,348,114
2023,9,215,Columbia,216,53,67,81,28,52,9,4,7,336,175
2023,9,216,Piedmont,159,49,51,79,24,43,4,13,4,259,163
2023,9,218,Charleston,205,43,44,64,26,27,3,9,7,292,134
2023,9,364,Macon,115,32,18,46,8,11,0,3,5,165,73
2023,9,365,Savannah,144,61,105,107,70,54,6,18,14,310,264
2023,9,367,Buford,284,93,66,149,50,107,4,0,2,443,310
2023,9,520,Knoxville,76,14,16,21,6,28,0,0,0,106,55
2023,9,536,Chattanooga,94,13,6,15,1,11,2,0,-1,113,27
2023,10,113,Raleigh,631,83,48,135,32,44,8,5,9,762,229
2023,10,114,Charlotte,537,101,140,148,34,166,9,40,12,778,403
2023,10,117,Greenville,16,45,79,47,22,14,3,43,19,140,147
2023,10,160,Asheville,247,67,53,68,16,10,0,28,7,367,129
2023,10,215,Columbia,223,59,57,82,28,51,9,3,1,339,168
2023,10,216,Piedmont,195,64,21,78,11,16,5,1,2,280,109
2023,10,218,Charleston,228,60,46,86,19,30,14,6,7,334,157
2023,10,364,Macon,170,33,17,44,12,17,0,2,7,220,82
2023,10,365,Savannah,173,56,97,102,67,40,5,15,16,326,243
2023,10,367,Buford,345,92,60,135,33,125,10,1,12,497,316
2023,10,520,Knoxville,94,26,18,36,15,40,0,1,1,138,93
2023,10,536,Chattanooga,90,15,17,27,10,13,1,0,3,122,53
2023,11,113,Raleigh,456,86,91,124,71,65,12,4,11,633,279
2023,11,114,Charlotte,463,101,157,136,42,99,12,45,6,721,331
2023,11,117,Greenville,14,45,84,50,19,15,3,46,19,143,150
2023,11,160,Asheville,232,43,51,57,11,11,0,38,6,326,123
2023,11,215,Columbia,169,40,64,52,26,37,3,3,5,273,125
2023,11,216,Piedmont,149,65,47,89,20,52,10,0,4,261,167
2023,11,218,Charleston,237,42,36,63,22,24,4,7,3,315,120
2023,11,364,Macon,140,17,27,28,7,32,0,3,11,184,81
2023,11,365,Savannah,139,73,69,104,33,41,18,14,14,281,212
2023,11,367,Buford,268,80,60,121,23,138,12,0,12,408,296
2023,11,520,Knoxville,87,19,11,25,1,36,0,0,0,117,62
2023,11,536,Chattanooga,91,12,3,19,0,10,1,1,1,106,31
2023,12,113,Raleigh,372,87,55,131,43,26,13,10,10,514,224
2023,12,114,Charlotte,412,109,125,145,22,109,11,53,7,646,338
2023,12,117,Greenville,8,58,84,50,26,17,3,57,12,150,162
2023,12,160,Asheville,145,49,47,53,13,15,0,24,1,241,106
2023,12,215,Columbia,203,51,78,79,43,56,5,3,1,332,184
2023,12,216,Piedmont,165,56,34,71,11,44,7,0,3,255,131
2023,12,218,Charleston,197,38,64,70,23,30,11,7,9,299,144
2023,12,364,Macon,112,32,18,43,8,4,1,2,7,162,64
2023,12,365,Savannah,133,61,76,95,28,53,16,14,14,270,205
2023,12,367,Buford,222,56,42,79,19,86,6,1,10,320,199
2023,12,520,Knoxville,86,18,8,30,1,30,0,1,0,112,62
2023,12,536,Chattanooga,65,7,5,11,0,8,0,0,0,77,19
2024,1,113,Raleigh,457,65,67,126,41,54,8,2,15,589,238
2024,1,114,Charlotte,429,104,148,145,21,116,13,70,8,681,361
2024,1,117,Greenville,15,46,96,48,26,36,4,64,14,157,188
2024,1,160,Asheville,227,59,56,72,8,16,0,26,8,342,130
2024,1,215,Columbia,205,34,67,54,40,36,8,8,4,306,142
2024,1,216,Piedmont,158,61,32,81,13,34,6,0,5,251,134
2024,1,218,Charleston,229,56,43,75,22,22,3,6,6,328,132
2024,1,364,Macon,204,18,23,33,8,25,4,2,11,245,80
2024,1,365,Savannah,191,47,55,87,22,44,7,8,9,293,170
2024,1,367,Buford,252,62,50,110,27,123,8,0,10,364,278
2024,1,520,Knoxville,74,14,9,21,2,34,0,2,0,97,59
2024,1,536,Chattanooga,70,11,10,12,6,2,1,1,2,91,23
2024,2,113,Raleigh,468,84,66,128,42,34,8,3,10,619,219
2024,2,114,Charlotte,515,112,150,138,52,129,16,40,7,776,369
2024,2,117,Greenville,18,38,94,57,22,41,5,60,14,150,196
2024,2,160,Asheville,252,56,37,66,6,5,1,35,8,345,120
2024,2,215,Columbia,194,63,84,85,42,50,4,10,5,341,192
2024,2,216,Piedmont,191,70,41,92,14,46,11,0,3,302,157
2024,2,218,Charleston,223,47,36,68,11,22,2,9,3,306,115
2024,2,364,Macon,162,29,25,39,17,22,1,6,2,216,86
2024,2,365,Savannah,179,53,96,107,45,62,9,10,31,328,257
2024,2,367,Buford,284,93,55,117,32,111,10,3,9,432,280
2024,2,520,Knoxville,103,29,28,36,6,58,0,3,2,160,105
2024,2,536,Chattanooga,81,26,3,29,2,6,1,0,1,110,38
2024,3,113,Raleigh,545,99,57,141,41,44,7,2,13,701,243
2024,3,114,Charlotte,509,88,139,137,39,112,7,34,10,736,332
2024,3,117,Greenville,16,58,92,49,28,24,0,50,25,166,176
2024,3,160,Asheville,271,53,35,62,14,7,0,25,4,359,112
2024,3,215,Columbia,239,54,99,82,57,51,8,31,4,392,226
2024,3,216,Piedmont,190,47,31,68,11,33,17,0,0,268,114
2024,3,218,Charleston,272,50,36,76,44,34,2,7,4,358,165
2024,3,364,Macon,115,22,22,41,15,25,0,2,3,159,86
2024,3,365,Savannah,158,61,71,99,21,33,7,12,24,290,192
2024,3,367,Buford,256,63,28,80,14,105,11,2,3,347,207
2024,3,520,Knoxville,95,23,13,36,19,37,2,1,0,131,93
2024,3,536,Chattanooga,81,12,5,17,2,11,0,1,0,98,31
2024,4,113,Raleigh,603,84,64,130,30,74,18,2,7,751,248
2024,4,114,Charlotte,547,91,124,133,40,78,10,36,10,762,301
2024,4,117,Greenville,16,55,104,69,25,45,4,54,23,175,220
2024,4,160,Asheville,329,51,39,60,9,5,0,30,0,419,104
2024,4,215,Columbia,213,44,110,64,51,46,6,16,16,367,195
2024,4,216,Piedmont,202,47,34,68,17,34,12,0,1,283,124
2024,4,218,Charleston,247,44,39,61,38,32,4,8,2,330,142
2024,4,364,Macon,154,27,13,41,9,7,0,3,4,194,64
2024,4,365,Savannah,162,52,54,84,17,69,3,11,21,268,204
2024,4,367,Buford,252,80,31,121,13,70,15,1,9,363,229
2024,4,520,Knoxville,112,23,22,34,2,70,3,1,0,157,107
2024,4,536,Chattanooga,84,8,5,10,0,9,0,1,0,97,20
2024,5,113,Raleigh,631,74,75,124,32,121,10,0,16,780,294
2024,5,114,Charlotte,466,113,120,162,32,125,10,30,12,699,364
2024,5,117,Greenville,31,39,72,48,23,17,2,49,12,142,150
2024,5,160,Asheville,240,53,37,67,7,5,0,28,3,330,110
2024,5,215,Columbia,255,50,98,84,70,38,1,25,4,403,221
2024,5,216,Piedmont,210,63,41,86,13,50,8,1,2,314,154
2024,5,218,Charleston,259,39,49,69,26,49,6,10,2,347,157
2024,5,364,Macon,166,23,28,48,16,22,0,5,7,217,98
2024,5,365,Savannah,188,46,83,100,35,69,4,3,27,317,234
2024,5,367,Buford,297,71,43,103,20,115,6,1,6,411,250
2024,5,520,Knoxville,105,18,32,29,8,53,0,1,0,155,91
2024,5,536,Chattanooga,128,9,6,14,1,8,0,1,2,143,26
2024,6,113,Raleigh,589,86,71,148,54,77,10,1,5,746,290
2024,6,114,Charlotte,599,84,91,117,32,91,9,17,9,774,271
2024,6,117,Greenville,9,51,60,52,14,33,1,38,9,120,146
2024,6,160,Asheville,281,61,41,74,9,12,0,21,6,383,122
2024,6,215,Columbia,192,59,68,78,39,45,11,14,2,319,181
2024,6,216,Piedmont,190,52,43,76,19,43,7,1,1,285,141
2024,6,218,Charleston,240,45,75,68,28,82,6,8,5,360,192
2024,6,364,Macon,153,22,21,46,19,16,1,1,8,196,91
2024,6,365,Savannah,156,48,66,81,22,62,8,3,18,270,188
2024,6,367,Buford,260,75,48,119,32,108,4,1,4,383,273
2024,6,520,Knoxville,67,25,20,35,5,58,1,2,1,112,102
2024,6,536,Chattanooga,108,24,3,25,0,3,2,0,0,135,28
2024,7,113,Raleigh,572,96,72,149,29,73,12,7,20,740,276
2024,7,114,Charlotte,546,98,130,145,27,113,23,34,12,774,342
2024,7,117,Greenville,11,71,81,71,39,24,3,49,7,163,192
2024,7,160,Asheville,222,50,43,68,15,7,0,34,9,315,133
2024,7,215,Columbia,222,56,84,66,33,46,3,20,6,362,171
2024,7,216,Piedmont,269,73,44,89,24,51,14,0,1,386,167
2024,7,218,Charleston,240,50,50,69,25,58,4,8,9,340,170
2024,7,364,Macon,171,42,26,80,13,47,1,8,5,239,154
2024,7,365,Savannah,203,44,71,98,31,58,5,12,24,318,226
2024,7,367,Buford,267,82,60,123,11,132,4,3,13,409,295
2024,7,520,Knoxville,91,18,17,28,16,46,3,0,0,126,90
2024,7,536,Chattanooga,110,18,4,23,1,3,1,0,0,132,27
2024,8,113,Raleigh,538,76,96,115,33,65,15,11,15,710,235
2024,8,114,Charlotte,527,122,126,171,35,137,14,39,9,775,394
2024,8,117,Greenville,8,47,74,52,28,24,7,42,12,129,160
2024,8,160,Asheville,266,66,54,75,10,15,0,39,3,386,142
2024,8,215,Columbia,221,48,99,64,38,47,7,19,10,368,178
2024,8,216,Piedmont,246,57,53,86,19,71,4,0,2,356,178
2024,8,218,Charleston,214,41,48,67,41,58,9,8,6,303,182
2024,8,364,Macon,188,29,14,42,8,23,2,3,5,231,83
2024,8,365,Savannah,192,46,82,75,23,69,3,12,18,320,197
2024,8,367,Buford,294,78,43,118,33,89,6,1,6,415,259
2024,8,520,Knoxville,117,24,12,37,3,29,1,1,0,153,70
2024,8,536,Chattanooga,84,23,17,28,7,12,1,1,6,124,54
2024,9,113,Raleigh,441,94,65,142,44,40,9,7,12,600,246
2024,9,114,Charlotte,450,115,141,157,43,141,15,40,11,706,395
2024,9,117,Greenville,17,63,72,51,19,46,0,45,17,152,177
2024,9,160,Asheville,267,55,40,62,11,8,0,28,2,362,111
2024,9,215,Columbia,165,53,101,76,45,56,7,22,16,319,218
2024,9,216,Piedmont,141,36,41,49,17,44,8,0,6,218,117
2024,9,218,Charleston,244,43,28,65,18,31,3,6,6,315,128
2024,9,364,Macon,134,30,30,44,14,22,2,0,20,194,101
2024,9,365,Savannah,116,59,73,104,24,59,4,9,15,248,212
2024,9,367,Buford,244,67,19,87,18,92,8,0,4,330,207
2024,9,520,Knoxville,84,8,11,15,3,30,1,1,2,103,51
2024,9,536,Chattanooga,79,16,2,24,0,2,2,0,3,97,29
2024,10,113,Raleigh,492,103,82,124,35,70,17,27,10,677,267
2024,10,114,Charlotte,477,203,152,266,33,142,16,52,11,832,507
2024,10,117,Greenville,14,58,97,45,13,51,6,56,13,169,179
2024,10,160,Asheville,262,51,51,59,12,30,0,12,2,364,115
2024,10,215,Columbia,181,55,90,69,42,57,7,25,8,326,203
2024,10,216,Piedmont,282,44,56,68,23,55,23,1,2,382,157
2024,10,218,Charleston,283,37,40,65,15,65,7,7,4,360,160
2024,10,364,Macon,131,22,14,34,11,15,0,4,0,167,65
2024,10,365,Savannah,194,70,65,119,22,72,3,5,16,329,236
2024,10,367,Buford,279,52,50,88,21,116,7,2,9,381,242
2024,10,520,Knoxville,118,22,10,38,3,42,0,1,1,150,85
2024,10,536,Chattanooga,106,29,10,34,1,25,2,2,0,145,63
2024,11,113,Raleigh,463,79,85,113,33,45,12,17,14,627,221
2024,11,114,Charlotte,433,33,221,77,48,198,7,40,9,687,371
2024,11,117,Greenville,12,34,55,31,13,23,2,34,10,101,112
2024,11,160,Asheville,259,47,57,58,14,22,0,17,7,363,118
2024,11,215,Columbia,159,54,72,69,43,35,6,14,11,285,174
2024,11,216,Piedmont,154,38,45,49,5,88,10,0,2,237,148
2024,11,218,Charleston,239,25,23,39,15,33,4,3,0,287,90
2024,11,364,Macon,131,24,20,39,12,24,0,1,6,175,83
2024,11,365,Savannah,162,49,43,75,14,56,5,11,8,254,167
2024,11,367,Buford,238,53,28,84,18,22,4,1,3,319,135
2024,11,520,Knoxville,65,16,16,22,1,71,1,2,0,97,96
2024,11,536,Chattanooga,90,18,8,22,2,43,5,0,-1,116,66
2024,12,113,Raleigh,351,85,64,111,31,40,12,11,9,500,204
2024,12,114,Charlotte,405,123,163,185,57,152,23,35,5,691,446
2024,12,117,Greenville,9,61,49,60,13,31,2,36,2,119,144
2024,12,160,Asheville,265,60,69,87,14,22,0,17,7,394,147
2024,12,215,Columbia,157,43,114,60,64,46,8,22,5,314,201
2024,12,216,Piedmont,150,48,53,80,13,56,9,0,2,251,151
2024,12,218,Charleston,200,47,52,69,27,74,10,2,4,299,182
2024,12,364,Macon,69,21,23,38,14,31,2,3,5,113,91
2024,12,365,Savannah,133,73,67,101,15,85,4,9,10,273,220
2024,12,367,Buford,194,79,49,101,26,138,6,0,0,322,268
2024,12,520,Knoxville,78,22,27,39,6,92,3,0,0,127,138
2024,12,536,Chattanooga,65,15,6,25,4,36,2,0,0,86,66
2025,1,113,Raleigh,450,65,52,121,26,48,13,9,12,567,219
2025,1,114,Charlotte,433,74,129,125,31,130,13,31,5,637,324
2025,1,117,Greenville,10,12,38,21,3,17,0,28,1,60,70
2025,1,160,Asheville,255,51,62,63,15,29,0,23,2,368,132
2025,1,215,Columbia,156,55,81,85,48,57,4,18,8,294,219
2025,1,216,Piedmont,188,39,27,58,9,35,2,0,1,254,105
2025,1,218,Charleston,166,24,32,36,26,34,5,0,1,222,102
2025,1,364,Macon,122,24,15,42,6,13,1,6,3,161,70
2025,1,365,Savannah,173,37,65,55,16,26,2,14,14,275,126
2025,1,367,Buford,222,60,57,82,35,88,4,0,7,340,221
2025,1,520,Knoxville,88,13,11,24,2,58,0,1,2,112,87
2025,1,536,Chattanooga,94,15,8,17,1,38,2,1,0,117,57
2025,2,113,Raleigh,416,86,87,127,34,52,18,11,25,590,246
2025,2,114,Charlotte,463,102,112,167,36,86,10,28,11,683,334
2025,2,117,Greenville,6,35,49,38,0,25,2,37,0,91,100
2025,2,160,Asheville,238,69,58,82,18,25,0,21,6,367,152
2025,2,215,Columbia,207,40,77,52,38,33,8,29,6,325,161
2025,2,216,Piedmont,145,40,31,60,12,53,19,0,0,219,130
2025,2,218,Charleston,242,30,35,49,16,54,4,8,4,308,132
2025,2,364,Macon,118,18,11,23,10,15,0,2,1,147,55
2025,2,365,Savannah,147,78,74,109,34,61,6,9,22,299,237
2025,2,367,Buford,265,88,62,112,31,72,12,2,12,415,247
2025,2,520,Knoxville,83,26,8,39,5,47,1,1,0,118,92
2025,2,536,Chattanooga,76,16,4,25,3,30,0,0,0,96,58
2025,3,113,Raleigh,550,75,92,134,39,67,18,17,24,718,281
2025,3,114,Charlotte,615,109,146,156,45,115,10,50,7,873,375
2025,3,117,Greenville,15,48,71,45,3,28,8,52,4,135,132
2025,3,160,Asheville,313,71,64,86,20,23,0,19,2,450,150
2025,3,215,Columbia,175,69,158,96,85,83,10,28,27,402,322
2025,3,216,Piedmont,221,46,58,64,13,71,7,0,2,325,150
2025,3,218,Charleston,236,41,54,64,35,49,7,14,3,331,168
2025,3,364,Macon,92,28,14,32,5,21,0,4,1,134,66
2025,3,365,Savannah,154,47,56,78,30,56,7,7,18,257,191
2025,3,367,Buford,304,93,51,139,34,29,1,5,6,448,223
2025,3,520,Knoxville,116,22,18,30,3,62,4,2,1,156,98
2025,3,536,Chattanooga,71,18,6,25,2,37,1,1,1,95,66
2025,4,113,Raleigh,549,94,75,148,48,64,17,7,8,721,279
2025,4,114,Charlotte,541,100,152,141,50,110,21,38,16,794,359
2025,4,117,Greenville,3,37,64,43,3,34,1,41,1,105,111
2025,4,160,Asheville,270,69,52,85,16,27,0,13,3,391,144
2025,4,215,Columbia,222,60,90,92,19,45,13,23,17,374,200
2025,4,216,Piedmont,184,53,32,72,11,46,8,1,1,270,136
2025,4,218,Charleston,258,37,26,48,10,48,3,7,1,321,114
2025,4,364,Macon,104,26,15,54,11,30,0,2,7,145,104
2025,4,365,Savannah,163,44,55,72,21,57,1,12,15,262,177
2025,4,367,Buford,315,89,53,125,34,67,8,3,8,461,237
2025,4,520,Knoxville,109,23,13,37,2,62,0,0,0,145,101
2025,4,536,Chattanooga,87,10,9,20,3,33,0,0,1,106,57
2025,5,113,Raleigh,499,138,102,214,39,63,12,25,21,739,354
2025,5,114,Charlotte,501,96,139,143,36,130,12,34,9,736,356
2025,5,117,Greenville,8,33,77,30,4,39,4,57,3,118,113
2025,5,160,Asheville,277,63,52,76,8,26,0,16,2,392,128
2025,5,215,Columbia,238,54,124,93,56,65,6,29,23,416,268
2025,5,216,Piedmont,181,38,43,56,14,60,11,0,1,262,132
2025,5,218,Charleston,266,46,56,74,28,73,10,9,4,369,191
2025,5,364,Macon,82,15,18,29,18,19,1,1,2,116,69
2025,5,365,Savannah,169,49,59,75,19,43,3,12,17,277,166
2025,5,367,Buford,318,57,44,94,35,57,3,0,1,420,187
2025,5,520,Knoxville,89,35,14,48,5,60,1,2,2,138,118
2025,5,536,Chattanooga,100,21,5,29,1,28,1,2,0,126,60
2025,6,113,Raleigh,512,106,81,158,41,62,8,13,14,699,290
2025,6,114,Charlotte,522,109,141,152,36,114,11,41,11,772,356
2025,6,117,Greenville,8,35,61,27,5,28,7,49,1,104,99
2025,6,160,Asheville,259,52,73,68,21,31,1,20,10,385,150
2025,6,215,Columbia,273,69,124,100,54,63,8,27,10,466,254
2025,6,216,Piedmont,244,59,44,84,11,72,9,1,2,347,172
2025,6,218,Charleston,264,56,42,71,40,46,8,3,5,362,165
2025,6,364,Macon,85,23,16,39,7,23,0,3,7,124,79
2025,6,365,Savannah,160,44,67,69,24,87,2,6,15,271,201
2025,6,367,Buford,276,74,40,115,34,49,10,6,4,390,210
2025,6,520,Knoxville,87,21,15,31,7,96,3,1,2,123,138
2025,6,536,Chattanooga,99,13,7,17,5,34,1,0,1,119,58
2025,7,113,Raleigh,573,116,98,176,38,78,13,8,14,787,314
2025,7,114,Charlotte,579,99,108,152,40,94,14,32,3,786,324
2025,7,117,Greenville,11,40,82,44,21,36,4,55,1,133,141
2025,7,160,Asheville,310,53,46,71,12,24,0,13,3,409,123
2025,7,215,Columbia,234,53,125,97,60,75,6,23,11,412,268
2025,7,216,Piedmont,228,82,51,127,25,56,18,0,1,362,212
2025,7,218,Charleston,279,49,47,72,30,69,9,7,7,375,186
2025,7,364,Macon,112,25,22,32,7,23,3,3,10,159,76
2025,7,365,Savannah,181,42,62,73,26,52,9,10,19,286,182
2025,7,367,Buford,287,73,61,105,41,60,6,2,10,421,218
2025,7,520,Knoxville,105,18,16,26,1,107,1,2,2,139,138
2025,7,536,Chattanooga,89,14,4,18,1,26,4,0,1,107,49
2025,8,113,Raleigh,515,105,91,156,56,66,29,1,22,711,317
2025,8,114,Charlotte,507,105,158,158,60,86,14,33,21,770,362
2025,8,117,Greenville,10,42,87,47,15,57,2,57,4,139,159
2025,8,160,Asheville,287,52,42,60,9,22,0,16,4,381,111
2025,8,215,Columbia,197,42,99,86,56,45,5,19,19,338,225
2025,8,216,Piedmont,191,57,48,81,11,56,14,1,6,296,159
2025,8,218,Charleston,240,49,31,67,21,40,5,5,5,320,142
2025,8,364,Macon,107,32,16,40,8,20,1,4,6,155,78
2025,8,365,Savannah,174,41,75,66,21,66,3,10,17,290,180
2025,8,367,Buford,232,63,51,103,30,56,1,7,9,346,205
2025,8,520,Knoxville,104,26,12,35,3,77,3,2,2,142,119
2025,8,536,Chattanooga,139,20,7,26,2,30,1,0,0,166,59
2025,9,113,Raleigh,532,82,66,137,23,112,15,1,13,680,289
2025,9,114,Charlotte,564,90,109,134,29,69,14,36,4,763,276
2025,9,117,Greenville,21,28,99,38,30,70,6,64,3,148,186
2025,9,160,Asheville,278,56,43,76,16,11,0,8,1,377,112
2025,9,215,Columbia,183,54,84,72,37,50,9,12,12,321,183
2025,9,216,Piedmont,240,90,64,125,26,60,14,5,1,394,222
2025,9,218,Charleston,259,47,35,71,25,42,3,3,2,341,143
2025,9,364,Macon,86,25,16,40,9,17,3,3,8,127,78
2025,9,365,Savannah,186,41,54,64,17,32,3,5,19,281,138
2025,9,367,Buford,306,66,65,119,44,90,5,3,4,437,262
2025,9,520,Knoxville,83,21,15,41,0,86,3,0,2,119,131
2025,9,536,Chattanooga,111,10,16,23,11,21,2,1,2,137,60
